batch_id,proposal_count,entropy_domain_count,accepted_count,accepted_fraction,minimum_accepted_margin
0,262144,262144,56,0.000213623046875,0.00017757977497279143
1,262144,262144,54,0.00020599365234375,0.0002758315137949552
2,262144,262144,51,0.000194549560546875,8.770523561052457e-05
3,262144,262144,63,0.000240325927734375,0.0006290765301701917
4,262144,262144,52,0.0001983642578125,0.0006141959955641152
5,262144,262144,64,0.000244140625,0.00023243902878622436
6,262144,262144,55,0.000209808349609375,0.0005990285727421885
7,262144,262144,64,0.000244140625,0.0002698828241487483
8,262144,262144,54,0.00020599365234375,0.00012882744840614357
9,262144,262144,65,0.000247955322265625,4.617212261548431e-05
10,262144,262144,54,0.00020599365234375,7.984217028833562e-05
11,262144,262144,54,0.00020599365234375,0.0008473548856537949
12,262144,262144,62,0.00023651123046875,7.618820619881284e-05
13,262144,262144,55,0.000209808349609375,0.0003968080848304467
14,262144,262144,46,0.00017547607421875,0.00010114682372441841
15,262144,262144,48,0.00018310546875,0.00046219822404314215
16,262144,262144,64,0.000244140625,2.2913001085367313e-05
17,262144,262144,57,0.000217437744140625,1.8884695336396362e-05
18,262144,262144,49,0.000186920166015625,9.687024149096501e-05
19,262144,262144,53,0.000202178955078125,6.676572062902508e-05
20,262144,262144,48,0.00018310546875,2.1396778571602937e-05
21,262144,262144,52,0.0001983642578125,0.0005180899055834409
22,262144,262144,58,0.00022125244140625,9.212423230509081e-05
23,262144,262144,46,0.00017547607421875,0.00025045426662861914
24,262144,262144,51,0.000194549560546875,0.001018784044843235
25,262144,262144,57,0.000217437744140625,0.00027346431233299384
26,262144,262144,53,0.000202178955078125,0.0013958304289252155
27,262144,262144,53,0.000202178955078125,0.00021440378175330288
28,262144,262144,56,0.000213623046875,0.00014271832808487872
29,262144,262144,48,0.00018310546875,0.0004365150969278808
30,262144,262144,51,0.000194549560546875,0.0007620223066475695
31,262144,262144,54,0.00020599365234375,1.6186084812463974e-05
32,262144,262144,65,0.000247955322265625,0.0002943254421929886
33,262144,262144,46,0.00017547607421875,0.0014049810290730491
34,262144,262144,57,0.000217437744140625,0.00033640085708852574
35,262144,262144,52,0.0001983642578125,0.0002776531554242734
36,262144,262144,52,0.0001983642578125,4.8708360425253616e-05
37,262144,262144,54,0.00020599365234375,0.00021691308371751816
38,262144,262144,45,0.000171661376953125,3.062831969513624e-05
39,262144,262144,55,0.000209808349609375,0.00029983507994568726
40,262144,262144,58,0.00022125244140625,0.00034718023075130944
41,262144,262144,53,0.000202178955078125,0.00015275502921663353
42,262144,262144,55,0.000209808349609375,0.00020919512374084626
43,262144,262144,51,0.000194549560546875,0.00016303516633087156
44,262144,262144,51,0.000194549560546875,0.00022649755516490622
45,262144,262144,65,0.000247955322265625,8.543497660595811e-05
46,262144,262144,66,0.00025177001953125,0.00017553374043677294
47,262144,262144,49,0.000186920166015625,0.00033640076992180745
48,262144,262144,46,0.00017547607421875,8.633898921850403e-05
49,262144,262144,62,0.00023651123046875,0.0006052934130265086
50,262144,262144,63,0.000240325927734375,0.0007103800196754939
51,262144,262144,53,0.000202178955078125,0.00014885720926782753
52,262144,262144,46,0.00017547607421875,0.00020575601599759352
53,262144,262144,60,0.0002288818359375,8.483598528208347e-05
54,262144,262144,58,0.00022125244140625,0.0001079305936317887
55,262144,262144,47,0.000179290771484375,0.0001318881520309123
56,262144,262144,53,0.000202178955078125,0.00016197492696479188
57,262144,262144,59,0.000225067138671875,0.0002741200979485825
58,262144,262144,51,0.000194549560546875,5.891211322439638e-05
59,262144,262144,51,0.000194549560546875,5.110921910689292e-05
60,262144,262144,56,0.000213623046875,0.0004884785809553538
61,262144,262144,54,0.00020599365234375,0.0010074946799294437
62,262144,262144,47,0.000179290771484375,0.00018593525565435698
63,262144,262144,57,0.000217437744140625,4.2890510968396356e-05
64,262144,262144,56,0.000213623046875,2.382554503177481e-05
65,262144,262144,61,0.000232696533203125,0.000361516024321773
66,262144,262144,54,0.00020599365234375,0.0002434063204896919
67,262144,262144,42,0.00016021728515625,0.0009584156439659264
68,262144,262144,60,0.0002288818359375,2.8598330741314015e-05
69,262144,262144,60,0.0002288818359375,0.0001635457693485165
70,262144,262144,54,0.00020599365234375,0.00011097542302485053
71,262144,262144,44,0.0001678466796875,0.0004865411985870427
72,262144,262144,51,0.000194549560546875,0.0001607587909218111
73,262144,262144,47,0.000179290771484375,0.0004742781617708136
74,262144,262144,46,0.00017547607421875,0.00011388917962373846
75,262144,262144,44,0.0001678466796875,0.00020545508927716227
76,262144,262144,45,0.000171661376953125,0.00013222550864355753
77,262144,262144,70,0.00026702880859375,0.0001514309222383492
78,262144,262144,63,0.000240325927734375,9.670367044711803e-05
79,262144,262144,55,0.000209808349609375,4.192635409272505e-05
80,262144,262144,55,0.000209808349609375,0.00022643146695466854
81,262144,262144,58,0.00022125244140625,0.0007535240008402777
82,262144,262144,56,0.000213623046875,2.4307881647311902e-05
83,262144,262144,67,0.000255584716796875,0.0009575142219773181
84,262144,262144,57,0.000217437744140625,0.00012809150040093975
85,262144,262144,56,0.000213623046875,0.0001802997044793031
86,262144,262144,63,0.000240325927734375,1.424005671379902e-05
87,262144,262144,57,0.000217437744140625,0.00012322049956603465
88,262144,262144,48,0.00018310546875,0.00012085406014827882
89,262144,262144,55,0.000209808349609375,9.209531602816234e-05
90,262144,262144,61,0.000232696533203125,0.00013294081054526785
91,262144,262144,55,0.000209808349609375,0.000599358326870858
92,262144,262144,49,0.000186920166015625,0.00046358010809433026
93,262144,262144,47,0.000179290771484375,8.409307218926187e-05
94,262144,262144,50,0.00019073486328125,0.0010011671499465802
95,262144,262144,53,0.000202178955078125,0.0011024903013778786
96,262144,262143,56,0.000213623046875,0.0004662038328020479
97,262144,262144,55,0.000209808349609375,0.0002628453165447464
98,262144,262144,63,0.000240325927734375,0.0006213007741875387
99,262144,262144,53,0.000202178955078125,0.00047812728833673823
100,262144,262144,53,0.000202178955078125,0.0006962603608196005
101,262144,262144,71,0.000270843505859375,0.00019681588754472124
102,262144,262144,46,0.00017547607421875,0.0007201014511102333
103,262144,262144,49,0.000186920166015625,0.0006268226677395017
104,262144,262144,60,0.0002288818359375,0.0002478893464361587
105,262144,262144,66,0.00025177001953125,0.00069721263990008
106,262144,262144,58,0.00022125244140625,0.0016729002753970157
107,262144,262144,46,0.00017547607421875,0.0007092277505520439
108,262144,262144,54,0.00020599365234375,0.00020459471421863107
109,262144,262144,47,0.000179290771484375,0.001743086420572748
110,262144,262144,67,0.000255584716796875,0.0006060390388227255
111,262144,262144,55,0.000209808349609375,4.988230849711783e-06
112,262144,262144,59,0.000225067138671875,0.000679600002357228
113,262144,262144,47,0.000179290771484375,0.0002069973975127315
114,262144,262144,54,0.00020599365234375,2.2379373148195825e-05
115,262144,262144,46,0.00017547607421875,0.0003946763307969281
116,262144,262144,49,0.000186920166015625,0.00019129417754260025
117,262144,262144,54,0.00020599365234375,0.00024687397494060903
118,262144,262144,62,0.00023651123046875,0.0014510145650092898
119,262144,262144,50,0.00019073486328125,9.236525171751886e-05
120,262144,262144,57,0.000217437744140625,0.00013715172850914392
121,262144,262144,57,0.000217437744140625,1.6719790953967362e-05
122,262144,262144,65,0.000247955322265625,0.00024021754736436307
123,262144,262144,70,0.00026702880859375,0.0001510635254691195
124,262144,262144,60,0.0002288818359375,5.107977660223639e-05
125,262144,262144,59,0.000225067138671875,0.00010396295556147628
126,262144,262144,60,0.0002288818359375,0.0019786942143822372
127,262144,262144,49,0.000186920166015625,0.00014098941071272186
128,262144,262144,52,0.0001983642578125,0.00011217245749617355
129,262144,262144,65,0.000247955322265625,0.00013032003191049135
130,262144,262144,53,0.000202178955078125,0.00018576200969833145
131,262144,262144,54,0.00020599365234375,1.5161180459299928e-05
132,262144,262144,63,0.000240325927734375,0.0005256286470856075
133,262144,262144,44,0.0001678466796875,0.00028445914857755383
134,262144,262144,47,0.000179290771484375,0.00011724207872143566
135,262144,262144,52,0.0001983642578125,4.7598131029724655e-05
136,262144,262144,57,0.000217437744140625,0.00037983960601084554
137,262144,262144,48,0.00018310546875,0.0009517118877793163
138,262144,262144,46,0.00017547607421875,0.0004473143435179683
139,262144,262144,62,0.00023651123046875,0.0009542584708666091
140,262144,262144,50,0.00019073486328125,2.159017317859835e-05
141,262144,262144,46,0.00017547607421875,0.00136898147735387
142,262144,262144,50,0.00019073486328125,0.00011183284677662719
143,262144,262144,51,0.000194549560546875,0.00024294093730548028
144,262144,262144,65,0.000247955322265625,0.0007406740422581937
145,262144,262144,53,0.000202178955078125,0.00029678583706460593
146,262144,262144,53,0.000202178955078125,0.00042914425256879163
147,262144,262144,67,0.000255584716796875,0.0001314905043316994
148,262144,262144,52,0.0001983642578125,0.00010627212560598842
149,262144,262144,53,0.000202178955078125,0.0011788618557921904
150,262144,262144,46,0.00017547607421875,0.00014903603976135216
151,262144,262144,58,0.00022125244140625,0.00033416737175628874
152,262144,262144,46,0.00017547607421875,0.0007490763943001078
153,262144,262144,59,0.000225067138671875,0.00042179766907257665
154,262144,262144,54,0.00020599365234375,5.7248713312363364e-05
155,262144,262144,52,0.0001983642578125,0.000349506385867171
156,262144,262144,50,0.00019073486328125,0.0005982178209675837
157,262144,262144,51,0.000194549560546875,0.0004443041369472933
158,262144,262144,48,0.00018310546875,0.0001324686380856921
159,262144,262144,52,0.0001983642578125,0.000238845745534233
160,262144,262144,56,0.000213623046875,0.0005734355320532458
161,262144,262144,57,0.000217437744140625,0.0002472283266181652
162,262144,262144,52,0.0001983642578125,0.0019315940076698457
163,262144,262144,49,0.000186920166015625,0.0003249410220644844
164,262144,262144,63,0.000240325927734375,3.2028746490553317e-06
165,262144,262144,53,0.000202178955078125,0.0001224834304578426
166,262144,262144,46,0.00017547607421875,7.628253129898788e-05
167,262144,262144,58,0.00022125244140625,0.0004411162353767928
168,262144,262144,55,0.000209808349609375,0.00028249932727919536
169,262144,262144,54,0.00020599365234375,0.00028877225748868973
170,262144,262144,57,0.000217437744140625,4.013707428773827e-05
171,262144,262144,42,0.00016021728515625,0.0007721194044045809
172,262144,262144,64,0.000244140625,4.744464603878562e-05
173,262144,262144,54,0.00020599365234375,0.00044902300361515657
174,262144,262144,54,0.00020599365234375,0.0003445779221427081
175,262144,262144,55,0.000209808349609375,0.0005763880225888585
176,262144,262144,52,0.0001983642578125,0.000337659351007602
177,262144,262144,69,0.000263214111328125,7.468595671156208e-05
178,262144,262144,47,0.000179290771484375,0.0002451771939573355
179,262144,262144,58,0.00022125244140625,0.00015816126167345068
180,262144,262143,63,0.000240325927734375,0.0004991396248179569
181,262144,262144,55,0.000209808349609375,0.000992531107245842
182,262144,262144,50,0.00019073486328125,0.0009144383447403648
183,262144,262144,35,0.000133514404296875,4.351995143880849e-05
184,262144,262144,48,0.00018310546875,0.00020042108998219454
185,262144,262144,52,0.0001983642578125,0.0001556118725147826
186,262144,262144,54,0.00020599365234375,3.054880450958919e-05
187,262144,262144,49,0.000186920166015625,0.00014608141809246966
188,262144,262144,61,0.000232696533203125,0.00025589974407291827
189,262144,262144,46,0.00017547607421875,0.0012677450873046503
190,262144,262144,68,0.0002593994140625,0.00021229332490424468
191,262144,262144,41,0.000156402587890625,0.00010476918143975666
192,262144,262144,53,0.000202178955078125,0.0003421340714031551
193,262144,262144,51,0.000194549560546875,0.0013578501348747718
194,262144,262144,63,0.000240325927734375,1.5118642459288623e-05
195,262144,262144,51,0.000194549560546875,4.683348184819636e-06
196,262144,262144,53,0.000202178955078125,0.00019191386169614688
197,262144,262144,52,0.0001983642578125,0.000990668508302095
198,262144,262144,50,0.00019073486328125,0.0001194375154061067
199,262144,262144,49,0.000186920166015625,0.00020044973566712976
200,262144,262144,61,0.000232696533203125,0.0007144975259887332
201,262144,262144,65,0.000247955322265625,1.1887787028097563e-06
202,262144,262144,64,0.000244140625,0.00046869739771437935
203,262144,262144,53,0.000202178955078125,7.566347845222587e-05
204,262144,262144,61,0.000232696533203125,4.836539701735809e-05
205,262144,262144,67,0.000255584716796875,0.00028599391968864296
206,262144,262144,56,0.000213623046875,0.00013962326912908551
207,262144,262144,47,0.000179290771484375,0.0007254334146358232
208,262144,262144,53,0.000202178955078125,3.135753078997716e-05
209,262144,262144,42,0.00016021728515625,6.279969930478302e-05
210,262144,262144,52,0.0001983642578125,0.0006551520227142671
211,262144,262144,59,0.000225067138671875,0.00044757566019759665
212,262144,262144,54,0.00020599365234375,9.891500893854932e-05
213,262144,262144,53,0.000202178955078125,0.0002172466647825111
214,262144,262144,47,0.000179290771484375,0.00014997831447582932
215,262144,262144,47,0.000179290771484375,7.081714018086771e-05
216,262144,262144,62,0.00023651123046875,0.00031299710049803586
217,262144,262144,55,0.000209808349609375,0.00026577491485491045
218,262144,262144,56,0.000213623046875,5.715875729617181e-06
219,262144,262144,57,0.000217437744140625,0.00038844376848556905
220,262144,262144,53,0.000202178955078125,9.246534300233478e-06
221,262144,262144,54,0.00020599365234375,0.0005619272067183267
222,262144,262144,55,0.000209808349609375,0.0002689172947138996
223,262144,262144,54,0.00020599365234375,0.000385432432862709
224,262144,262144,50,0.00019073486328125,0.0005026567277801597
225,262144,262144,50,0.00019073486328125,0.00015102827117297046
226,262144,262144,52,0.0001983642578125,0.0005410435086343757
227,262144,262144,65,0.000247955322265625,4.882212961199173e-05
228,262144,262144,56,0.000213623046875,0.00043145856980553177
229,262144,262144,64,0.000244140625,0.000866197902063659
230,262144,262144,62,0.00023651123046875,1.769727974521018e-05
231,262144,262144,48,0.00018310546875,5.1771173521286684e-05
232,262144,262144,60,0.0002288818359375,3.883381617209025e-05
233,262144,262144,54,0.00020599365234375,0.0003646575754059356
234,262144,262144,57,0.000217437744140625,3.3332144682596265e-05
235,262144,262144,45,0.000171661376953125,9.426398879552877e-05
236,262144,262144,52,0.0001983642578125,0.00030591035722982163
237,262144,262144,56,0.000213623046875,0.001930152957542397
238,262144,262144,65,0.000247955322265625,0.0002125867285609484
239,262144,262144,45,0.000171661376953125,2.978703326483867e-05
240,262144,262144,43,0.000164031982421875,0.00023590998902367488
241,262144,262144,56,0.000213623046875,0.0003818654252887299
242,262144,262144,67,0.000255584716796875,3.690170556280847e-05
243,262144,262144,60,0.0002288818359375,0.0004944965890363306
244,262144,262144,55,0.000209808349609375,0.0009676097873470013
245,262144,262144,66,0.00025177001953125,0.001058460865787092
246,262144,262144,58,0.00022125244140625,0.0002551594068647134
247,262144,262144,65,0.000247955322265625,0.00029907919343807876
248,262144,262144,58,0.00022125244140625,0.0011761248859925022
249,262144,262144,58,0.00022125244140625,0.00030326454101659017
250,262144,262144,63,0.000240325927734375,2.101534894372037e-05
251,262144,262144,42,0.00016021728515625,0.001647535509156528
252,262144,262144,46,0.00017547607421875,0.00045589715939176045
253,262144,262144,51,0.000194549560546875,5.9420089473682935e-05
254,262144,262144,53,0.000202178955078125,0.0006769829169184227
255,262144,262144,60,0.0002288818359375,0.0003683488468253504
256,262144,262144,55,0.000209808349609375,3.7571575354444775e-05
257,262144,262144,67,0.000255584716796875,9.689340285135017e-05
258,262144,262144,72,0.000274658203125,0.000334466080217366
259,262144,262144,57,0.000217437744140625,9.399184467207e-05
260,262144,262144,70,0.00026702880859375,0.0003290919219713917
261,262144,262144,50,0.00019073486328125,0.0001522822172144167
262,262144,262143,49,0.000186920166015625,0.0007615397694069603
263,262144,262144,48,0.00018310546875,0.000406630020039378
264,262144,262144,63,0.000240325927734375,6.668939861675938e-06
265,262144,262144,38,0.00014495849609375,9.280670458711171e-05
266,262144,262144,67,0.000255584716796875,9.102262460802812e-05
267,262144,262144,60,0.0002288818359375,0.0008090330984935612
268,262144,262144,51,0.000194549560546875,0.0005770245033367427
269,262144,262144,59,0.000225067138671875,5.344835127529812e-05
270,262144,262144,46,0.00017547607421875,0.0003459182136380523
271,262144,262144,64,0.000244140625,0.0009140415039179395
272,262144,262144,47,0.000179290771484375,2.295110582606341e-05
273,262144,262144,56,0.000213623046875,0.0014912718181239182
274,262144,262144,66,0.00025177001953125,0.0001472094292833681
275,262144,262144,61,0.000232696533203125,0.0004026798302307899
276,262144,262144,49,0.000186920166015625,0.00046945450081237183
277,262144,262144,46,0.00017547607421875,0.0015888137094237642
278,262144,262144,61,0.000232696533203125,0.0002419786503951027
279,262144,262144,51,0.000194549560546875,0.00039953156301120174
280,262144,262144,60,0.0002288818359375,0.00037519474515224083
281,262144,262144,50,0.00019073486328125,4.582021875210174e-05
282,262144,262144,56,0.000213623046875,6.121827850980033e-05
283,262144,262144,52,0.0001983642578125,3.012157459814091e-05
284,262144,262144,55,0.000209808349609375,0.0005562045913132252
285,262144,262144,57,0.000217437744140625,7.971141529861114e-05
286,262144,262144,46,0.00017547607421875,0.0005741336575282308
287,262144,262144,40,0.000152587890625,6.23494772526989e-05
288,262144,262144,47,0.000179290771484375,6.774309575252602e-05
289,262144,262144,62,0.00023651123046875,3.300416208928958e-05
290,262144,262144,65,0.000247955322265625,0.00015578353235401465
291,262144,262144,60,0.0002288818359375,0.00023666732912652755
292,262144,262144,45,0.000171661376953125,9.172464673068426e-05
293,262144,262144,49,0.000186920166015625,0.00025222243463463023
294,262144,262144,41,0.000156402587890625,0.0005257336948005786
295,262144,262144,44,0.0001678466796875,0.0002401514293108864
296,262144,262144,64,0.000244140625,7.340636949093593e-05
297,262144,262144,67,0.000255584716796875,7.299667967997081e-05
298,262144,262144,59,0.000225067138671875,1.595336410575854e-05
299,262144,262144,54,0.00020599365234375,0.00015088602936241813
300,262144,262144,58,0.00022125244140625,0.00019409151123350732
301,262144,262144,58,0.00022125244140625,0.0002379600618120925
302,262144,262144,65,0.000247955322265625,0.00017408134114815788
303,262144,262144,43,0.000164031982421875,0.001137112000444862
304,262144,262144,59,0.000225067138671875,0.0006004576136400264
305,262144,262144,51,0.000194549560546875,0.00037369865900216404
306,262144,262144,56,0.000213623046875,7.239281865367708e-05
307,262144,262144,78,0.00029754638671875,7.321033582874392e-05
308,262144,262144,58,0.00022125244140625,0.00031979231331180635
309,262144,262144,56,0.000213623046875,0.0006120935453239884
310,262144,262144,62,0.00023651123046875,0.00036462936216419273
311,262144,262144,61,0.000232696533203125,9.403447697375888e-05
312,262144,262144,47,0.000179290771484375,4.60078774215944e-05
313,262144,262144,55,0.000209808349609375,0.00021679409301356145
314,262144,262144,57,0.000217437744140625,0.00042035260365747007
315,262144,262144,66,0.00025177001953125,0.00016940823052435938
316,262144,262144,66,0.00025177001953125,0.00024729369891418607
317,262144,262144,59,0.000225067138671875,0.00041086170559800905
318,262144,262144,40,0.000152587890625,0.0004507708703140878
319,262144,262144,60,0.0002288818359375,0.0001873649565686808
320,262144,262144,50,0.00019073486328125,0.0005203825685047292
321,262144,262144,57,0.000217437744140625,0.0008986138059401405
322,262144,262144,65,0.000247955322265625,0.0004240499403536102
323,262144,262144,46,0.00017547607421875,2.0867630281751204e-05
324,262144,262144,52,0.0001983642578125,0.0001579555905022456
325,262144,262144,58,0.00022125244140625,0.00047879689446128637
326,262144,262144,41,0.000156402587890625,0.0008261102392272957
327,262144,262144,53,0.000202178955078125,0.00024044410024370855
328,262144,262144,62,0.00023651123046875,0.0002073406384301979
329,262144,262144,50,0.00019073486328125,0.0006950363797755266
330,262144,262144,57,0.000217437744140625,0.00018308420260604308
331,262144,262144,63,0.000240325927734375,0.00030968182637258757
332,262144,262144,50,0.00019073486328125,2.4538678093710686e-05
333,262144,262144,67,0.000255584716796875,0.0008074830126516552
334,262144,262144,57,0.000217437744140625,7.912510682439589e-06
335,262144,262144,44,0.0001678466796875,0.0005215457066989337
336,262144,262144,50,0.00019073486328125,5.83669510838547e-05
337,262144,262144,60,0.0002288818359375,0.001811174761489509
338,262144,262144,70,0.00026702880859375,0.00028060294120879625
339,262144,262144,47,0.000179290771484375,0.0005592205320088528
340,262144,262144,78,0.00029754638671875,4.3647930530354984e-05
341,262144,262144,52,0.0001983642578125,0.0008589256718443128
342,262144,262144,50,0.00019073486328125,0.00040543938386128353
343,262144,262144,54,0.00020599365234375,0.00023906113194849254
344,262144,262144,53,0.000202178955078125,6.214478791566336e-06
345,262144,262144,66,0.00025177001953125,3.150207589364129e-05
346,262144,262144,55,0.000209808349609375,0.00046676463282424585
347,262144,262144,62,0.00023651123046875,9.774631787218269e-05
348,262144,262144,59,0.000225067138671875,0.0011098542754528484
349,262144,262144,66,0.00025177001953125,0.00042409180331426377
350,262144,262144,53,0.000202178955078125,0.0005169261485893362
351,262144,262144,62,0.00023651123046875,4.705613151179122e-05
352,262144,262144,59,0.000225067138671875,0.0007662594421573576
353,262144,262144,46,0.00017547607421875,0.00012754241060042304
354,262144,262144,51,0.000194549560546875,0.0012123894393780699
355,262144,262144,54,0.00020599365234375,0.0003508103566454146
356,262144,262144,54,0.00020599365234375,0.0003800135305733754
357,262144,262144,52,0.0001983642578125,0.0002005264162898701
358,262144,262144,34,0.00012969970703125,8.814954749247761e-05
359,262144,262144,61,0.000232696533203125,0.00024684895760507253
360,262144,262144,64,0.000244140625,0.0005506353635271743
361,262144,262144,60,0.0002288818359375,0.00016878326148184186
362,262144,262144,52,0.0001983642578125,0.00027957089225250087
363,262144,262144,59,0.000225067138671875,0.00036963477333573636
364,262144,262144,46,0.00017547607421875,0.0002505514200636938
365,262144,262144,59,0.000225067138671875,0.0007004712787830325
366,262144,262144,56,0.000213623046875,5.458408597003306e-05
367,262144,262144,65,0.000247955322265625,0.0003393701215839151
368,262144,262144,59,0.000225067138671875,0.0004602239165718558
369,262144,262144,42,0.00016021728515625,1.2056422735051697e-05
370,262144,262144,55,0.000209808349609375,0.0009280067372523515
371,262144,262144,49,0.000186920166015625,1.2159434794600799e-06
372,262144,262144,60,0.0002288818359375,0.0007693575034803946
373,262144,262144,67,0.000255584716796875,0.00033525632687747553
374,262144,262144,59,0.000225067138671875,0.0002509176282579073
375,262144,262144,61,0.000232696533203125,0.0002984546607209815
376,262144,262144,57,0.000217437744140625,0.0001541359800161235
377,262144,262144,52,0.0001983642578125,7.652029798377313e-05
378,262144,262144,50,0.00019073486328125,0.0009385681950770941
379,262144,262144,55,0.000209808349609375,0.0008440561393405766
380,262144,262144,69,0.000263214111328125,0.0002565544356305516
381,262144,262144,52,0.0001983642578125,0.00034646800701287894
382,262144,262144,65,0.000247955322265625,0.0002690003622207726
383,262144,262144,52,0.0001983642578125,0.0011448019829576328
384,262144,262144,60,0.0002288818359375,5.2648440935332275e-05
385,262144,262144,50,0.00019073486328125,0.0002650926020224542
386,262144,262144,46,0.00017547607421875,0.0004550094036359642
387,262144,262144,57,0.000217437744140625,0.00048239332292610015
388,262144,262144,61,0.000232696533203125,0.0002804699135752209
389,262144,262144,60,0.0002288818359375,0.0001620127867183463
390,262144,262144,60,0.0002288818359375,0.0002398874177045318
391,262144,262144,56,0.000213623046875,0.00046299379222092263
392,262144,262144,54,0.00020599365234375,0.00024225492352480948
393,262144,262144,61,0.000232696533203125,0.0001833009845448874
394,262144,262144,54,0.00020599365234375,9.026746696161325e-05
395,262144,262144,62,0.00023651123046875,0.00041823692156262027
396,262144,262144,54,0.00020599365234375,3.7853678447330452e-06
397,262144,262144,59,0.000225067138671875,7.651942141029267e-05
398,262144,262144,47,0.000179290771484375,0.0007554451387108418
399,262144,262144,59,0.000225067138671875,0.0010463710084651634
400,262144,262144,48,0.00018310546875,0.0005943757620303636
401,262144,262144,41,0.000156402587890625,0.00010856132824610398
402,262144,262144,55,0.000209808349609375,0.00018129749635353853
403,262144,262144,54,0.00020599365234375,0.00022348640085922966
404,262144,262144,63,0.000240325927734375,8.66955363856281e-05
405,262144,262144,49,0.000186920166015625,0.0007795915348904892
406,262144,262144,62,0.00023651123046875,0.0006656245862173282
407,262144,262144,61,0.000232696533203125,0.0002691425058503061
408,262144,262144,63,0.000240325927734375,0.00031924276322681244
409,262144,262144,48,0.00018310546875,0.0011217507754412992
410,262144,262144,42,0.00016021728515625,0.00039835455240133655
411,262144,262144,57,0.000217437744140625,0.0002572224169212767
412,262144,262144,57,0.000217437744140625,0.00026768427614221046
413,262144,262144,54,0.00020599365234375,0.00014676216207565318
414,262144,262144,60,0.0002288818359375,5.948345762329943e-05
415,262144,262144,49,0.000186920166015625,0.00018831213136749625
416,262144,262144,65,0.000247955322265625,2.3044545675254824e-05
417,262144,262144,48,0.00018310546875,5.046218196658181e-05
418,262144,262144,61,0.000232696533203125,0.0001890504290447126
419,262144,262144,37,0.000141143798828125,0.0021296673049007175
420,262144,262144,53,0.000202178955078125,0.0002861522511574677
421,262144,262144,56,0.000213623046875,0.0006239515359343084
422,262144,262144,61,0.000232696533203125,0.0007455309057695647
423,262144,262144,65,0.000247955322265625,0.0005824776799971954
424,262144,262144,46,0.00017547607421875,0.0005825222646635986
425,262144,262144,73,0.000278472900390625,0.00021093598961541282
426,262144,262144,62,0.00023651123046875,5.3543595183169757e-05
427,262144,262144,56,0.000213623046875,0.0007648190491706952
428,262144,262144,55,0.000209808349609375,0.00035134710041173633
429,262144,262144,51,0.000194549560546875,0.0002650678485329738
430,262144,262144,58,0.00022125244140625,0.000909384562131299
431,262144,262144,46,0.00017547607421875,8.270408117394545e-05
432,262144,262144,58,0.00022125244140625,0.000168035359511709
433,262144,262143,54,0.00020599365234375,0.0004183782436535388
434,262144,262144,55,0.000209808349609375,0.0003406715922962267
435,262144,262144,54,0.00020599365234375,0.00015391050520507932
436,262144,262144,58,0.00022125244140625,0.00029975877469445855
437,262144,262144,59,0.000225067138671875,0.0003232847587812948
438,262144,262144,55,0.000209808349609375,0.0001719422903654344
439,262144,262144,66,0.00025177001953125,0.0022635915372228865
440,262144,262144,73,0.000278472900390625,2.3089873450343745e-05
441,262144,262144,59,0.000225067138671875,0.00014175985390374457
442,262144,262144,68,0.0002593994140625,0.00038948785281345266
443,262144,262144,59,0.000225067138671875,0.0008995829384474963
444,262144,262144,62,0.00023651123046875,0.0009384833347492183
445,262144,262144,58,0.00022125244140625,0.0007348493709324888
446,262144,262144,47,0.000179290771484375,0.000127494253781002
447,262144,262144,45,0.000171661376953125,0.0005769531923753846
448,262144,262144,57,0.000217437744140625,0.00016186674162610437
449,262144,262144,53,0.000202178955078125,0.00023918922700838507
450,262144,262144,50,0.00019073486328125,4.6140254098325784e-05
451,262144,262144,51,0.000194549560546875,0.00045672659182760533
452,262144,262144,67,0.000255584716796875,0.0005519763591079752
453,262144,262144,51,0.000194549560546875,0.000831988854188781
454,262144,262144,58,0.00022125244140625,8.335667028780414e-05
455,262144,262144,66,0.00025177001953125,0.0006306097470878402
456,262144,262144,54,0.00020599365234375,0.0003130407232405652
457,262144,262144,58,0.00022125244140625,0.0001590134697271317
458,262144,262144,52,0.0001983642578125,0.0012011271988785488
459,262144,262144,52,0.0001983642578125,0.001063999991477882
460,262144,262144,62,0.00023651123046875,0.0006690720860793586
461,262144,262144,56,0.000213623046875,0.00028650595327017747
462,262144,262144,58,0.00022125244140625,8.933757983964341e-05
463,262144,262144,60,0.0002288818359375,0.0005266167604982552
464,262144,262144,62,0.00023651123046875,0.0006005233331198845
465,262144,262144,55,0.000209808349609375,0.00048254409975267976
466,262144,262144,59,0.000225067138671875,0.0004022291131411393
467,262144,262144,42,0.00016021728515625,0.0003917712736487555
468,262144,262144,60,0.0002288818359375,0.0010476115877382508
469,262144,262144,56,0.000213623046875,0.00011979170029463582
470,262144,262144,49,0.000186920166015625,0.00043987549233381884
471,262144,262144,51,0.000194549560546875,0.0006361124071903035
472,262144,262144,53,0.000202178955078125,0.000561360317527182
473,262144,262144,61,0.000232696533203125,0.0003063270401730822
474,262144,262144,47,0.000179290771484375,0.00034396467114250484
475,262144,262144,40,0.000152587890625,2.2177343662388438e-05
476,262144,262144,49,0.000186920166015625,0.0016436710676046573
477,262144,262144,57,0.000217437744140625,0.0002880983674526938
478,262144,262144,56,0.000213623046875,0.0005680674823431708
479,262144,262144,81,0.000308990478515625,6.134134601398777e-05
480,262144,262144,58,0.00022125244140625,0.0016128718392731667
481,262144,262144,50,0.00019073486328125,5.6634026479596145e-06
482,262144,262144,54,0.00020599365234375,4.660281362367513e-06
483,262144,262144,53,0.000202178955078125,6.923360540356249e-05
484,262144,262144,43,0.000164031982421875,7.766664017516689e-05
485,262144,262144,49,0.000186920166015625,0.00020143669972760847
486,262144,262144,65,0.000247955322265625,2.1908779943347056e-05
487,262144,262144,57,0.000217437744140625,0.00040501790530500514
488,262144,262144,66,0.00025177001953125,6.732541613629905e-05
489,262144,262144,66,0.00025177001953125,0.00021470674704748838
490,262144,262144,56,0.000213623046875,0.00019313388211594784
491,262144,262144,57,0.000217437744140625,0.00045872838463068
492,262144,262144,49,0.000186920166015625,0.00012084236246545643
493,262144,262144,69,0.000263214111328125,0.0002227411890303177
494,262144,262144,46,0.00017547607421875,7.579730594242662e-05
495,262144,262144,52,0.0001983642578125,0.00025717610086006815
496,262144,262144,49,0.000186920166015625,0.0002297636664652103
497,262144,262144,57,0.000217437744140625,0.00035667026985186645
498,262144,262144,58,0.00022125244140625,5.471552956937131e-06
499,262144,262144,55,0.000209808349609375,0.000988744427515842
500,262144,262144,53,0.000202178955078125,0.00023801375229748345
501,262144,262144,42,0.00016021728515625,0.0005195585498498634
502,262144,262144,69,0.000263214111328125,0.00012851859034856972
503,262144,262144,54,0.00020599365234375,9.083327418535347e-05
504,262144,262144,58,0.00022125244140625,0.0003124884870708833
505,262144,262144,58,0.00022125244140625,0.00039494147394592005
506,262144,262144,49,0.000186920166015625,0.00011836044683399827
507,262144,262144,50,0.00019073486328125,0.0005000082678365825
508,262144,262144,61,0.000232696533203125,0.0005911206115747358
509,262144,262144,61,0.000232696533203125,0.0006769977930887183
510,262144,262144,48,0.00018310546875,0.0006417797393225566
511,262144,262144,56,0.000213623046875,7.977124853808526e-05
512,262144,262144,55,0.000209808349609375,0.0005360951871840047
513,262144,262144,56,0.000213623046875,0.0001197545629127994
514,262144,262144,49,0.000186920166015625,0.0003370072734452112
515,262144,262144,55,0.000209808349609375,4.568369739832434e-06
516,262144,262144,55,0.000209808349609375,0.0009634279688743863
517,262144,262144,48,0.00018310546875,0.00012778352345144128
518,262144,262144,51,0.000194549560546875,2.7544973710158516e-05
519,262144,262144,62,0.00023651123046875,0.00025920449198602036
520,262144,262144,57,0.000217437744140625,0.00015629970402408766
521,262144,262144,69,0.000263214111328125,1.8027832804135002e-05
522,262144,262144,61,0.000232696533203125,0.00011822742325162672
523,262144,262144,59,0.000225067138671875,7.730209209633188e-05
524,262144,262144,54,0.00020599365234375,0.00048664231412143266
525,262144,262144,42,0.00016021728515625,3.190882971426667e-05
526,262144,262144,56,0.000213623046875,0.00019329345562368871
527,262144,262144,50,0.00019073486328125,8.346615836618554e-05
528,262144,262144,42,0.00016021728515625,0.00011067258802888169
529,262144,262144,62,0.00023651123046875,1.4038029370277982e-05
530,262144,262144,60,0.0002288818359375,0.0005139693795201961
531,262144,262144,49,0.000186920166015625,0.000260224596019043
532,262144,262144,64,0.000244140625,0.0003278110677242818
533,262144,262144,51,0.000194549560546875,0.00047425844439641374
534,262144,262144,52,0.0001983642578125,6.997643312400825e-05
535,262144,262144,56,0.000213623046875,0.0009060293085521032
536,262144,262144,50,0.00019073486328125,0.00044923283785114343
537,262144,262144,64,0.000244140625,0.0002759672864527385
538,262144,262144,58,0.00022125244140625,0.0011897559874036734
539,262144,262144,71,0.000270843505859375,0.00013204886559337048
540,262144,262144,60,0.0002288818359375,0.00019202437333443179
541,262144,262144,58,0.00022125244140625,0.00014065149075204175
542,262144,262144,41,0.000156402587890625,0.00019011932316703728
543,262144,262144,57,0.000217437744140625,0.0007685255561502569
544,262144,262144,63,0.000240325927734375,7.487055227350936e-05
545,262144,262144,62,0.00023651123046875,1.373787275826821e-05
546,262144,262144,76,0.0002899169921875,0.0003731478713333569
547,262144,262144,52,0.0001983642578125,1.9622636686866812e-05
548,262144,262144,55,0.000209808349609375,0.00035645896097014074
549,262144,262144,56,0.000213623046875,0.0012099708667492326
550,262144,262144,76,0.0002899169921875,9.421493508909862e-06
551,262144,262144,53,0.000202178955078125,0.000816324953175851
552,262144,262144,65,0.000247955322265625,2.1379330895632265e-05
553,262144,262144,52,0.0001983642578125,5.331295114596735e-05
554,262144,262144,69,0.000263214111328125,0.00011856676769217422
555,262144,262144,57,0.000217437744140625,0.00016008737618911084
556,262144,262144,58,0.00022125244140625,2.531741398459353e-05
557,262144,262144,50,0.00019073486328125,0.0003958067431413248
558,262144,262144,58,0.00022125244140625,5.1960069669565456e-05
559,262144,262144,67,0.000255584716796875,0.00018410618344311125
560,262144,262144,59,0.000225067138671875,7.965423855393894e-06
561,262144,262144,58,0.00022125244140625,9.483034227919518e-05
562,262144,262144,61,0.000232696533203125,6.663094284475868e-05
563,262144,262144,53,0.000202178955078125,0.00023850864714325404
564,262144,262144,60,0.0002288818359375,2.6768454359116234e-05
565,262144,262144,44,0.0001678466796875,0.0003625110035900825
566,262144,262144,52,0.0001983642578125,0.0004327572813760394
567,262144,262144,66,0.00025177001953125,1.9003323637356573e-05
568,262144,262144,55,0.000209808349609375,0.0002366903551467292
569,262144,262144,49,0.000186920166015625,0.00016266527153829813
570,262144,262144,53,0.000202178955078125,0.0008996469072781732
571,262144,262144,58,0.00022125244140625,0.0005288308609734393
572,262144,262144,60,0.0002288818359375,0.0001529577852745767
573,262144,262144,57,0.000217437744140625,0.000127679219831478
574,262144,262144,55,0.000209808349609375,0.00032978266372429843
575,262144,262144,56,0.000213623046875,0.0006556095198746448
576,262144,262144,47,0.000179290771484375,2.320524556931325e-05
577,262144,262144,54,0.00020599365234375,4.1226087558410285e-05
578,262144,262144,40,0.000152587890625,0.0010696945408559255
579,262144,262144,44,0.0001678466796875,0.0007518126410201997
580,262144,262144,51,0.000194549560546875,0.00043470983477145175
581,262144,262144,60,0.0002288818359375,0.0002465932201969334
582,262144,262144,48,0.00018310546875,0.00018073404484519884
583,262144,262144,56,0.000213623046875,0.0002517638144814427
584,262144,262144,61,0.000232696533203125,0.00024034851367282783
585,262144,262144,49,0.000186920166015625,8.334087101591336e-05
586,262144,262144,53,0.000202178955078125,0.00010500055901241367
587,262144,262144,54,0.00020599365234375,0.00041709318417737506
588,262144,262144,47,0.000179290771484375,3.995038998660938e-05
589,262144,262144,66,0.00025177001953125,0.00014931893844427613
590,262144,262144,59,0.000225067138671875,0.0003646406370252375
591,262144,262144,53,0.000202178955078125,0.00020893710968605816
592,262144,262144,61,0.000232696533203125,0.0003060111509336494
593,262144,262144,55,0.000209808349609375,0.0002995471450364384
594,262144,262144,54,0.00020599365234375,5.6874661825467854e-05
595,262144,262144,48,0.00018310546875,0.00028253000290567876
596,262144,262144,52,0.0001983642578125,0.00012926039843619286
597,262144,262144,51,0.000194549560546875,3.4967521293172155e-05
598,262144,262144,64,0.000244140625,0.00011793449301578107
599,262144,262144,56,0.000213623046875,0.0004570419203158149
600,262144,262144,57,0.000217437744140625,3.716305784351448e-05
601,262144,262144,44,0.0001678466796875,0.0003918248467484897
602,262144,262144,56,0.000213623046875,9.185186297111514e-05
603,262144,262144,56,0.000213623046875,0.00015556330805854834
604,262144,262144,55,0.000209808349609375,0.00010687858513480641
605,262144,262144,48,0.00018310546875,0.00015263666711007318
606,262144,262144,49,0.000186920166015625,0.0006174043810693863
607,262144,262144,52,0.0001983642578125,1.3379425942039447e-05
608,262144,262144,56,0.000213623046875,3.378371014139958e-05
609,262144,262144,46,0.00017547607421875,0.001497335526724708
610,262144,262144,58,0.00022125244140625,0.0002855588938113218
611,262144,262144,47,0.000179290771484375,0.0001660212137302164
612,262144,262144,56,0.000213623046875,0.00021317422740074754
613,262144,262144,53,0.000202178955078125,0.0004985403847792558
614,262144,262144,54,0.00020599365234375,0.0007750280754188488
615,262144,262144,52,0.0001983642578125,0.0011987805518542949
616,262144,262144,56,0.000213623046875,0.0009500471883643336
617,262144,262144,50,0.00019073486328125,0.00013359948278557354
618,262144,262144,42,0.00016021728515625,0.00013010303049698635
619,262144,262144,71,0.000270843505859375,6.853267076989411e-05
620,262144,262144,51,0.000194549560546875,0.0006237585061712458
621,262144,262144,59,0.000225067138671875,0.00017274408853618084
622,262144,262144,58,0.00022125244140625,0.00027516224404333656
623,262144,262143,57,0.000217437744140625,8.00989275351327e-07
624,262144,262144,68,0.0002593994140625,0.0003457260163735043
625,262144,262144,60,0.0002288818359375,0.0006299654647166086
626,262144,262144,45,0.000171661376953125,0.0001915246639840884
627,262144,262144,60,0.0002288818359375,0.00015826564102150442
628,262144,262144,48,0.00018310546875,0.00032911983732941685
629,262144,262144,65,0.000247955322265625,0.00045911605399617805
630,262144,262144,58,0.00022125244140625,0.000244059410186237
631,262144,262144,62,0.00023651123046875,0.0002403474914249859
632,262144,262144,59,0.000225067138671875,6.736576432286867e-05
633,262144,262144,59,0.000225067138671875,0.0004900530623088706
634,262144,262144,60,0.0002288818359375,0.0001183716228574383
635,262144,262144,52,0.0001983642578125,0.0007439440493566263
636,262144,262144,59,0.000225067138671875,0.00010064570694323649
637,262144,262144,50,0.00019073486328125,0.00028283097843884164
638,262144,262144,49,0.000186920166015625,0.0003081437715892754
639,262144,262144,61,0.000232696533203125,0.0001624914670030897
640,262144,262144,59,0.000225067138671875,6.522371214501277e-05
641,262144,262144,51,0.000194549560546875,0.000214675539668141
642,262144,262144,54,0.00020599365234375,0.00019600972344924195
643,262144,262144,52,0.0001983642578125,4.413488727461612e-05
644,262144,262144,54,0.00020599365234375,0.00017275994728871424
645,262144,262144,52,0.0001983642578125,0.00018410154844761273
646,262144,262144,49,0.000186920166015625,0.0004417241650469528
647,262144,262144,44,0.0001678466796875,0.0004460402776051975
648,262144,262144,44,0.0001678466796875,0.0005838982605068654
649,262144,262144,51,0.000194549560546875,6.307818068895799e-05
650,262144,262144,59,0.000225067138671875,0.001462034547423663
651,262144,262144,55,0.000209808349609375,0.00036342903117825287
652,262144,262144,58,0.00022125244140625,8.769394344487758e-05
653,262144,262144,54,0.00020599365234375,0.0003090307345154919
654,262144,262144,52,0.0001983642578125,0.00039455781407871093
655,262144,262144,55,0.000209808349609375,0.00048124600435728304
656,262144,262144,67,0.000255584716796875,0.00012119041762281846
657,262144,262144,54,0.00020599365234375,8.319752100205413e-05
658,262144,262144,56,0.000213623046875,0.00021708145502419285
659,262144,262144,57,0.000217437744140625,1.6633098584462047e-05
660,262144,262144,59,0.000225067138671875,7.980758471859417e-06
661,262144,262144,55,0.000209808349609375,0.0004978385404363905
662,262144,262144,53,0.000202178955078125,0.00039454169571762066
663,262144,262144,63,0.000240325927734375,0.0005711087229318679
664,262144,262144,52,0.0001983642578125,0.0008087080284895354
665,262144,262144,58,0.00022125244140625,0.0005515732083825053
666,262144,262144,71,0.000270843505859375,0.00025540381544275625
667,262144,262144,56,0.000213623046875,0.0002857177771471431
668,262144,262144,50,0.00019073486328125,0.0020354066877523724
669,262144,262144,73,0.000278472900390625,0.00023673732095885747
670,262144,262144,44,0.0001678466796875,3.236943065809683e-05
671,262144,262144,46,0.00017547607421875,0.00015710034736016176
672,262144,262144,48,0.00018310546875,0.00048402414515691383
673,262144,262144,53,0.000202178955078125,0.0003560602629262277
674,262144,262144,42,0.00016021728515625,7.092609484393719e-06
675,262144,262144,47,0.000179290771484375,0.0005909732672697565
676,262144,262144,58,0.00022125244140625,0.00029155369579791923
677,262144,262144,67,0.000255584716796875,0.00017842237069798372
678,262144,262144,57,0.000217437744140625,0.0003380529800180998
679,262144,262144,61,0.000232696533203125,0.00015060139639988535
680,262144,262144,60,0.0002288818359375,0.000824265602855867
681,262144,262144,56,0.000213623046875,0.001068805465314293
682,262144,262144,54,0.00020599365234375,0.0015684936536701777
683,262144,262144,57,0.000217437744140625,0.0002713681869286333
684,262144,262144,56,0.000213623046875,0.00012938766313719263
685,262144,262144,50,0.00019073486328125,2.6816715410937775e-05
686,262144,262144,49,0.000186920166015625,8.146858225077658e-05
687,262144,262144,60,0.0002288818359375,0.0007091665835174954
688,262144,262144,50,0.00019073486328125,0.0005634782966117413
689,262144,262144,51,0.000194549560546875,0.00042858020065361657
690,262144,262144,55,0.000209808349609375,5.871505928234377e-05
691,262144,262144,59,0.000225067138671875,9.896087986760449e-05
692,262144,262144,52,0.0001983642578125,0.0002420687713302616
693,262144,262144,54,0.00020599365234375,3.756391171316764e-05
694,262144,262144,71,0.000270843505859375,6.197398330765047e-05
695,262144,262144,56,0.000213623046875,1.8640050198914793e-05
696,262144,262144,70,0.00026702880859375,0.0006305385889791015
697,262144,262144,44,0.0001678466796875,0.00016232374763136548
698,262144,262144,48,0.00018310546875,0.0003101434017693805
699,262144,262144,63,0.000240325927734375,0.0004303789103126121
700,262144,262144,49,0.000186920166015625,0.00032738356987849215
701,262144,262144,55,0.000209808349609375,0.0002726921560740614
702,262144,262144,48,0.00018310546875,3.605531056671829e-05
703,262144,262144,47,0.000179290771484375,0.00017370293192842112
704,262144,262144,58,0.00022125244140625,0.0006901884100554145
705,262144,262144,47,0.000179290771484375,0.0004426243322392942
706,262144,262144,47,0.000179290771484375,0.0005449617033952414
707,262144,262144,56,0.000213623046875,0.0001891650842842374
708,262144,262144,55,0.000209808349609375,0.0013244161263614718
709,262144,262144,49,0.000186920166015625,0.00012206934383440782
710,262144,262144,56,0.000213623046875,0.001012357286439558
711,262144,262144,50,0.00019073486328125,0.00010797008237362071
712,262144,262144,57,0.000217437744140625,0.0019043539656629083
713,262144,262144,55,0.000209808349609375,0.0009722699546470537
714,262144,262144,63,0.000240325927734375,0.0005370488988178934
715,262144,262144,56,0.000213623046875,0.0004048526430813215
716,262144,262144,47,0.000179290771484375,0.0003625199953674052
717,262144,262144,58,0.00022125244140625,0.0002599691654894265
718,262144,262144,47,0.000179290771484375,0.0014941256937868186
719,262144,262144,58,0.00022125244140625,3.36093777009161e-05
720,262144,262144,53,0.000202178955078125,0.0010898009249284968
721,262144,262144,60,0.0002288818359375,0.0003272437709638254
722,262144,262144,56,0.000213623046875,0.00013464778570604352
723,262144,262144,46,0.00017547607421875,0.0020347137996117315
724,262144,262144,69,0.000263214111328125,1.0759269990501252e-06
725,262144,262144,44,0.0001678466796875,0.00021757248454568057
726,262144,262144,54,0.00020599365234375,0.00018121899561140964
727,262144,262144,55,0.000209808349609375,3.4842315901784104e-05
728,262144,262144,58,0.00022125244140625,8.862374424745134e-05
729,262144,262144,59,0.000225067138671875,0.0003475016975142964
730,262144,262144,52,0.0001983642578125,0.00021445851075019284
731,262144,262144,56,0.000213623046875,0.00034898998954946414
732,262144,262144,59,0.000225067138671875,5.306129429638595e-05
733,262144,262144,47,0.000179290771484375,0.0004338692914545028
734,262144,262144,50,0.00019073486328125,0.00021904047143017635
735,262144,262144,56,0.000213623046875,7.251376627248618e-05
736,262144,262144,54,0.00020599365234375,0.0002866109989483334
737,262144,262144,55,0.000209808349609375,0.00014448893359686465
738,262144,262144,68,0.0002593994140625,0.00023420312737076898
739,262144,262144,42,0.00016021728515625,0.00027498132664471875
740,262144,262144,56,0.000213623046875,0.00022341298629524609
741,262144,262144,51,0.000194549560546875,0.00036219325503239475
742,262144,262144,57,0.000217437744140625,0.0008391435798953406
743,262144,262144,66,0.00025177001953125,0.00021139031996053603
744,262144,262144,46,0.00017547607421875,1.4136827299893184e-06
745,262144,262144,63,0.000240325927734375,0.0002097164965906284
746,262144,262144,47,0.000179290771484375,0.00021293675870270867
747,262144,262144,51,0.000194549560546875,0.0009586530221199485
748,262144,262144,58,0.00022125244140625,0.0005011142049042849
749,262144,262144,61,0.000232696533203125,2.8645810232097446e-05
750,262144,262144,50,0.00019073486328125,0.00039798724721484824
751,262144,262144,60,0.0002288818359375,0.00042585738126321715
752,262144,262144,64,0.000244140625,0.0006149891173605759
753,262144,262144,67,0.000255584716796875,0.0003029009992707721
754,262144,262144,48,0.00018310546875,0.0017887352858581007
755,262144,262144,55,0.000209808349609375,0.0001777058317287139
756,262144,262144,48,0.00018310546875,0.001253089815779651
757,262144,262144,49,0.000186920166015625,7.010489728198621e-05
758,262144,262144,45,0.000171661376953125,0.00040294649264138727
759,262144,262144,66,0.00025177001953125,0.0002069425213671039
760,262144,262144,56,0.000213623046875,0.0007863823297342698
761,262144,262144,69,0.000263214111328125,0.00034443500552838735
762,262144,262144,61,0.000232696533203125,0.00013291241939739074
763,262144,262144,57,0.000217437744140625,0.0005760717440790319
764,262144,262144,61,0.000232696533203125,0.000612880346451572
765,262144,262144,55,0.000209808349609375,0.00016277901079519985
766,262144,262144,70,0.00026702880859375,0.0006836308550250969
767,262144,262144,59,0.000225067138671875,0.0004978030819415835
768,262144,262144,52,0.0001983642578125,0.00046206549059646385
769,262144,262144,61,0.000232696533203125,0.0006166653734409611
770,262144,262144,55,0.000209808349609375,7.359133335538282e-05
771,262144,262144,60,0.0002288818359375,0.000622541616668526
772,262144,262144,55,0.000209808349609375,5.173352836917999e-05
773,262144,262144,64,0.000244140625,0.00017517456689430944
774,262144,262144,49,0.000186920166015625,0.0007720495437808506
775,262144,262144,48,0.00018310546875,1.554382566570922e-05
776,262144,262144,68,0.0002593994140625,9.097825251869196e-05
777,262144,262144,51,0.000194549560546875,0.0001365309099270462
778,262144,262144,53,0.000202178955078125,0.0002229502071624534
779,262144,262144,60,0.0002288818359375,0.00033383823400834345
780,262144,262144,53,0.000202178955078125,0.00026596526182243174
781,262144,262144,67,0.000255584716796875,0.00016823582558966876
782,262144,262144,63,0.000240325927734375,5.8189927028662325e-05
783,262144,262144,50,0.00019073486328125,1.3479359288748327e-05
784,262144,262144,55,0.000209808349609375,0.0006464669080801233
785,262144,262144,59,0.000225067138671875,6.465251737441946e-05
786,262144,262144,52,0.0001983642578125,0.0010443266162964981
787,262144,262144,56,0.000213623046875,0.00011517424792684139
788,262144,262144,49,0.000186920166015625,0.000360216478889841
789,262144,262144,61,0.000232696533203125,9.653328206793432e-06
790,262144,262144,56,0.000213623046875,8.071015724664399e-05
791,262144,262144,68,0.0002593994140625,0.00031281404794825107
792,262144,262144,58,0.00022125244140625,0.00039379373723469335
793,262144,262144,51,0.000194549560546875,0.0003552228925776113
794,262144,262144,55,0.000209808349609375,0.00019346734266423304
795,262144,262144,53,0.000202178955078125,0.00020930593818824228
796,262144,262144,62,0.00023651123046875,4.676890454824445e-05
797,262144,262144,47,0.000179290771484375,0.00017385959241855709
798,262144,262144,55,0.000209808349609375,0.00012040751082298407
799,262144,262144,47,0.000179290771484375,0.0009523036825767051
800,262144,262144,67,0.000255584716796875,0.0003957192666261822
801,262144,262144,47,0.000179290771484375,0.0008732100506894103
802,262144,262144,56,0.000213623046875,2.0453885951843276e-05
803,262144,262144,60,0.0002288818359375,6.210531360562044e-05
804,262144,262144,48,0.00018310546875,9.32260341561797e-05
805,262144,262144,68,0.0002593994140625,0.0008682135637103627
806,262144,262144,63,0.000240325927734375,8.6287720085787e-05
807,262144,262144,52,0.0001983642578125,0.00018025650511166447
808,262144,262144,57,0.000217437744140625,0.0007527696476030687
809,262144,262144,66,0.00025177001953125,0.00010275846707674674
810,262144,262144,54,0.00020599365234375,1.8903108139012303e-05
811,262144,262144,52,0.0001983642578125,0.0004334449643070837
812,262144,262144,46,0.00017547607421875,9.171037126831649e-05
813,262144,262144,44,0.0001678466796875,0.0003410532272636324
814,262144,262144,51,0.000194549560546875,8.653154617732639e-06
815,262144,262144,58,0.00022125244140625,0.0007215841176357873
816,262144,262144,70,0.00026702880859375,0.00012489523962733173
817,262144,262144,50,0.00019073486328125,1.2351220108008931e-05
818,262144,262144,58,0.00022125244140625,0.0001296627718405663
819,262144,262144,46,0.00017547607421875,2.3619000310004523e-05
820,262144,262144,54,0.00020599365234375,1.7232442208747756e-06
821,262144,262144,50,0.00019073486328125,0.00041486048205019443
822,262144,262144,52,0.0001983642578125,4.7364264205373985e-05
823,262144,262144,56,0.000213623046875,0.0008216566839149841
824,262144,262144,56,0.000213623046875,0.00019436421428897788
825,262144,262144,68,0.0002593994140625,0.0002910736943746439
826,262144,262144,62,0.00023651123046875,3.646715321403704e-05
827,262144,262144,63,0.000240325927734375,3.9961609965777356e-05
828,262144,262144,41,0.000156402587890625,0.0004334582651857044
829,262144,262144,47,0.000179290771484375,0.0004941649969567585
830,262144,262144,59,0.000225067138671875,0.0002844034363373993
831,262144,262144,58,0.00022125244140625,0.0004685345901636051
832,262144,262144,75,0.000286102294921875,0.00035642679187786186
833,262144,262144,52,0.0001983642578125,0.0012207335319323054
834,262144,262144,57,0.000217437744140625,0.0003794763246380839
835,262144,262144,57,0.000217437744140625,9.126637918832614e-05
836,262144,262144,48,0.00018310546875,0.0005089047140847125
837,262144,262144,47,0.000179290771484375,7.366825162646862e-05
838,262144,262144,52,0.0001983642578125,0.00011180465809768059
839,262144,262144,57,0.000217437744140625,0.00026045201274293994
840,262144,262144,55,0.000209808349609375,0.0002792042080836943
841,262144,262144,60,0.0002288818359375,0.0004014764039479424
842,262144,262144,60,0.0002288818359375,0.0001069678520779771
843,262144,262144,46,0.00017547607421875,0.0001299256200761878
844,262144,262144,60,0.0002288818359375,0.0007098706431842849
845,262144,262144,63,0.000240325927734375,0.00031339841591426776
846,262144,262144,68,0.0002593994140625,6.293073662222426e-05
847,262144,262144,61,0.000232696533203125,0.0006585707963289167
848,262144,262144,58,0.00022125244140625,9.144314006137577e-05
849,262144,262144,59,0.000225067138671875,0.0002996655250466773
850,262144,262144,50,0.00019073486328125,6.623855943099777e-05
851,262144,262144,58,0.00022125244140625,0.0006121832318752851
852,262144,262144,63,0.000240325927734375,0.0007855375837884093
853,262144,262144,51,0.000194549560546875,0.0004518041926118155
854,262144,262144,64,0.000244140625,0.00029380446617177647
855,262144,262144,41,0.000156402587890625,0.00013947663026869783
856,262144,262144,58,0.00022125244140625,0.00022960990056097863
857,262144,262144,58,0.00022125244140625,0.00038116161974932616
858,262144,262144,65,0.000247955322265625,0.00045414323559223035
859,262144,262144,61,0.000232696533203125,2.1031939230642394e-05
860,262144,262144,53,0.000202178955078125,9.283483234212575e-05
861,262144,262144,58,0.00022125244140625,0.00034044939785915496
862,262144,262144,54,0.00020599365234375,9.154172478842426e-05
863,262144,262144,59,0.000225067138671875,0.00020603154662413026
864,262144,262144,62,0.00023651123046875,6.915660149764413e-05
865,262144,262144,54,0.00020599365234375,0.0005738292404828815
866,262144,262144,60,0.0002288818359375,0.0002823208648032871
867,262144,262144,49,0.000186920166015625,0.000274837553948748
868,262144,262144,57,0.000217437744140625,0.00020029115991793134
869,262144,262144,58,0.00022125244140625,0.00017135705299375914
870,262144,262144,59,0.000225067138671875,0.0002498425946508842
871,262144,262144,48,0.00018310546875,0.0002828532667280559
872,262144,262144,59,0.000225067138671875,0.0003380460901427629
873,262144,262144,53,0.000202178955078125,4.2841469271248656e-05
874,262144,262144,55,0.000209808349609375,0.0008183368458545281
875,262144,262144,61,0.000232696533203125,0.0009124404667062436
876,262144,262144,59,0.000225067138671875,0.0007736447533948088
877,262144,262144,64,0.000244140625,1.024339942334862e-05
878,262144,262144,58,0.00022125244140625,0.00012216356192529254
879,262144,262144,48,0.00018310546875,5.47816951665947e-05
880,262144,262144,66,0.00025177001953125,0.000398202561085359
881,262144,262144,48,0.00018310546875,0.0006921105786397153
882,262144,262144,53,0.000202178955078125,0.00046826424462409477
883,262144,262144,57,0.000217437744140625,0.00047380752205827825
884,262144,262144,64,0.000244140625,0.0013274644362095689
885,262144,262144,53,0.000202178955078125,0.00020057996938604994
886,262144,262144,54,0.00020599365234375,0.00022271991676836578
887,262144,262144,50,0.00019073486328125,0.0007064232287437022
888,262144,262144,63,0.000240325927734375,4.4359907317659264e-05
889,262144,262144,62,0.00023651123046875,0.0001446589501050699
890,262144,262144,53,0.000202178955078125,0.0002507678459726659
891,262144,262144,52,0.0001983642578125,0.0009243189072962732
892,262144,262144,43,0.000164031982421875,0.0003510772885590985
893,262144,262144,60,0.0002288818359375,0.00034923696522004555
894,262144,262144,52,0.0001983642578125,2.770166752452674e-05
895,262144,262144,63,0.000240325927734375,0.00041786642324925793
896,262144,262144,49,0.000186920166015625,5.604779348744593e-05
897,262144,262144,45,0.000171661376953125,6.122167399702505e-07
898,262144,262144,58,0.00022125244140625,0.00013031430117926845
899,262144,262144,45,0.000171661376953125,9.729189943707972e-05
900,262144,262144,51,0.000194549560546875,0.00015545236696778986
901,262144,262144,48,0.00018310546875,0.00020697810397374283
902,262144,262144,58,0.00022125244140625,0.0003605177270045168
903,262144,262144,55,0.000209808349609375,0.0007390115086072235
904,262144,262144,66,0.00025177001953125,0.000445059385810076
905,262144,262144,48,0.00018310546875,0.00010947696707863663
906,262144,262144,57,0.000217437744140625,0.0006380479039294062
907,262144,262144,62,0.00023651123046875,0.00040998642006950803
908,262144,262144,56,0.000213623046875,0.0005084582555410222
909,262144,262144,56,0.000213623046875,0.000296591010226388
910,262144,262144,45,0.000171661376953125,0.0009120987079140885
911,262144,262144,65,0.000247955322265625,0.00040793325519117296
912,262144,262144,57,0.000217437744140625,0.000247183141875551
913,262144,262144,55,0.000209808349609375,8.894299973638553e-06
914,262144,262144,60,0.0002288818359375,0.00010380361647577274
915,262144,262144,60,0.0002288818359375,0.0003792018013508702
916,262144,262144,56,0.000213623046875,0.0002465844580203935
917,262144,262144,54,0.00020599365234375,0.0004196931906488288
918,262144,262144,40,0.000152587890625,5.3207954105571886e-05
919,262144,262144,55,0.000209808349609375,0.001157678509285942
920,262144,262144,51,0.000194549560546875,0.00038875652123127047
921,262144,262144,60,0.0002288818359375,9.654758149091336e-05
922,262144,262144,57,0.000217437744140625,2.2855450835690405e-05
923,262144,262144,66,0.00025177001953125,0.0002103760736638094
924,262144,262144,39,0.000148773193359375,0.000255278293771255
925,262144,262144,53,0.000202178955078125,0.00029148606503781593
926,262144,262144,48,0.00018310546875,0.0009736260162538368
927,262144,262144,55,0.000209808349609375,0.0006294526012211588
928,262144,262144,59,0.000225067138671875,0.0005249124436592645
929,262144,262144,59,0.000225067138671875,0.000507719872914203
930,262144,262144,51,0.000194549560546875,0.0009676738959956133
931,262144,262144,45,0.000171661376953125,0.0021521597897380396
932,262144,262144,42,0.00016021728515625,0.0007796571383102968
933,262144,262144,54,0.00020599365234375,0.0009995187009539386
934,262144,262144,58,0.00022125244140625,1.5341143721814277e-05
935,262144,262144,46,0.00017547607421875,0.0007949799474527008
936,262144,262144,56,0.000213623046875,0.0003216320808465678
937,262144,262144,39,0.000148773193359375,3.669158150110263e-05
938,262144,262144,47,0.000179290771484375,0.0006293506311307873
939,262144,262144,70,0.00026702880859375,1.4759487223736656e-05
940,262144,262144,54,0.00020599365234375,0.0006125416807427619
941,262144,262144,51,0.000194549560546875,0.00041339888504765554
942,262144,262144,60,0.0002288818359375,0.00019842381940127218
943,262144,262144,52,0.0001983642578125,0.0007563442342186644
944,262144,262144,42,0.00016021728515625,0.0006811434709232955
945,262144,262144,56,0.000213623046875,0.00044736904340081374
946,262144,262144,46,0.00017547607421875,7.359741476098414e-05
947,262144,262144,55,0.000209808349609375,0.00032641833367019757
948,262144,262144,58,0.00022125244140625,0.00010983566232347641
949,262144,262144,48,0.00018310546875,0.0017586188230420685
950,262144,262144,74,0.00028228759765625,0.0006388041393006194
951,262144,262144,53,0.000202178955078125,0.0006211100153612481
952,262144,262144,51,0.000194549560546875,0.0009855322818119738
953,262144,262144,58,0.00022125244140625,0.0002755767667488307
954,262144,262144,38,0.00014495849609375,0.000878061287592935
955,262144,262144,58,0.00022125244140625,0.00022247568548316998
956,262144,262144,55,0.000209808349609375,0.0006883966832513799
957,262144,262144,57,0.000217437744140625,0.0005029527440845172
958,262144,262144,60,0.0002288818359375,0.00020219860993742067
959,262144,262144,48,0.00018310546875,0.00035632097155380293
960,262144,262144,64,0.000244140625,2.9170564145974964e-05
961,262144,262144,48,0.00018310546875,5.99029516723526e-06
962,262144,262144,54,0.00020599365234375,3.7114801478832504e-06
963,262144,262144,56,0.000213623046875,0.00022004960491806003
964,262144,262144,62,0.00023651123046875,7.341511890990304e-05
965,262144,262144,61,0.000232696533203125,0.0002924445151217814
966,262144,262144,43,0.000164031982421875,0.0002716094200352348
967,262144,262144,52,0.0001983642578125,8.64863015936912e-05
968,262144,262144,57,0.000217437744140625,0.0004980058519505892
969,262144,262144,54,0.00020599365234375,9.199217009459026e-05
970,262144,262144,55,0.000209808349609375,0.00012350604950683852
971,262144,262144,52,0.0001983642578125,2.488153674695681e-05
972,262144,262144,50,0.00019073486328125,0.00030728089256237823
973,262144,262144,51,0.000194549560546875,5.501483051828515e-05
974,262144,262144,49,0.000186920166015625,0.00018429892659344027
975,262144,262144,52,0.0001983642578125,0.0001777779351765929
976,262144,262144,68,0.0002593994140625,0.0002302607991486738
977,262144,262144,55,0.000209808349609375,0.0009970278088324847
978,262144,262144,63,0.000240325927734375,3.4850538946695764e-05
979,262144,262144,51,0.000194549560546875,0.00013439165584427926
980,262144,262144,49,0.000186920166015625,0.00011294228679648022
981,262144,262144,59,0.000225067138671875,0.002162279146547208
982,262144,262144,62,0.00023651123046875,0.00028615072524407204
983,262144,262144,63,0.000240325927734375,0.00022483910717818745
984,262144,262144,52,0.0001983642578125,0.0001327403806088423
985,262144,262144,54,0.00020599365234375,0.0001192285630551293
986,262144,262144,44,0.0001678466796875,0.0005470783555596714
987,262144,262144,57,0.000217437744140625,0.00025720014939256686
988,262144,262144,48,0.00018310546875,0.0010945009975622533
989,262144,262144,60,0.0002288818359375,1.1656959783445942e-05
990,262144,262144,60,0.0002288818359375,0.00022955412308256484
991,262144,262144,58,0.00022125244140625,5.827657522106122e-06
992,262144,262144,62,0.00023651123046875,7.301273442217315e-05
993,262144,262144,49,0.000186920166015625,0.00011740081070454877
994,262144,262144,46,0.00017547607421875,5.386370165938459e-05
995,262144,262144,55,0.000209808349609375,1.45635449380066e-05
996,262144,262144,60,0.0002288818359375,0.0007793471685269004
997,262144,262144,47,0.000179290771484375,1.0399362068369555e-05
998,262144,262144,56,0.000213623046875,0.00016552329385755016
999,262144,262144,51,0.000194549560546875,0.0002185653490096584
1000,262144,262144,49,0.000186920166015625,0.0009115251333833285
1001,262144,262144,45,0.000171661376953125,9.231370209472622e-05
1002,262144,262144,60,0.0002288818359375,0.0005095615659145292
1003,262144,262144,51,0.000194549560546875,0.00017607349584158882
1004,262144,262144,53,0.000202178955078125,0.0001544440623935106
1005,262144,262144,57,0.000217437744140625,3.4577895795528946e-06
1006,262144,262144,52,0.0001983642578125,0.0002308028160391551
1007,262144,262144,50,0.00019073486328125,0.0001925408405336615
1008,262144,262144,56,0.000213623046875,0.00021750503249129416
1009,262144,262144,43,0.000164031982421875,6.552283320959695e-05
1010,262144,262144,49,0.000186920166015625,0.00018242862111761404
1011,262144,262144,63,0.000240325927734375,0.0003516525313365104
1012,262144,262144,53,0.000202178955078125,0.00015447067656260138
1013,262144,262144,63,0.000240325927734375,6.050095361809227e-06
1014,262144,262144,70,0.00026702880859375,0.00026048409840750963
1015,262144,262144,51,0.000194549560546875,0.0006402892756807166
1016,262144,262144,59,0.000225067138671875,0.0006347860394730898
1017,262144,262144,56,0.000213623046875,3.1006352836593365e-05
1018,262144,262144,42,0.00016021728515625,0.00019349289594283725
1019,262144,262144,55,0.000209808349609375,4.820440290509431e-05
1020,262144,262144,59,0.000225067138671875,0.0003581928191112027
1021,262144,262144,59,0.000225067138671875,2.5143032281738087e-05
1022,262144,262144,66,0.00025177001953125,0.0002370054540199451
1023,262144,262144,54,0.00020599365234375,6.817351240773206e-05
1024,262144,262144,50,0.00019073486328125,0.00030890645941661354
1025,262144,262144,49,0.000186920166015625,0.00030918249831723976
1026,262144,262144,60,0.0002288818359375,0.00023315628100140096
1027,262144,262144,54,0.00020599365234375,0.00019993273301821546
1028,262144,262144,50,0.00019073486328125,0.0002635796369430121
1029,262144,262144,62,0.00023651123046875,0.0005138717803023773
1030,262144,262144,53,0.000202178955078125,0.00022729306051938458
1031,262144,262144,62,0.00023651123046875,1.02853366961142e-05
1032,262144,262144,48,0.00018310546875,0.0006169527219908044
1033,262144,262144,41,0.000156402587890625,0.00023888794503457156
1034,262144,262144,53,0.000202178955078125,0.00044343726345252854
1035,262144,262144,55,0.000209808349609375,0.00044171390054437154
1036,262144,262144,60,0.0002288818359375,0.0008476953217892991
1037,262144,262144,47,0.000179290771484375,8.408538020554523e-05
1038,262144,262144,60,0.0002288818359375,0.0002169357684156381
1039,262144,262144,69,0.000263214111328125,0.00024701080521594143
1040,262144,262144,61,0.000232696533203125,0.00023031167916975903
1041,262144,262144,41,0.000156402587890625,2.5604600792927812e-05
1042,262144,262144,50,0.00019073486328125,0.0016713593079800138
1043,262144,262144,54,0.00020599365234375,0.00017037837871858308
1044,262144,262144,55,0.000209808349609375,3.176717916186789e-05
1045,262144,262144,49,0.000186920166015625,4.0840827978616545e-05
1046,262144,262144,49,0.000186920166015625,3.051859193026196e-05
1047,262144,262144,72,0.000274658203125,0.00017420102980381102
1048,262144,262144,59,0.000225067138671875,0.00012181615223494369
1049,262144,262144,61,0.000232696533203125,5.6096069629640866e-05
1050,262144,262144,50,0.00019073486328125,0.00031618576565772827
1051,262144,262144,71,0.000270843505859375,0.0002070792581381209
1052,262144,262144,56,0.000213623046875,0.00014776577875652563
1053,262144,262144,60,0.0002288818359375,0.0010243012518484917
1054,262144,262144,62,0.00023651123046875,0.0004706990393092969
1055,262144,262144,51,0.000194549560546875,0.00056136290404174
1056,262144,262144,60,0.0002288818359375,0.0008803118208093874
1057,262144,262144,52,0.0001983642578125,6.595237908646467e-05
1058,262144,262144,55,0.000209808349609375,0.0008510855753083302
1059,262144,262144,48,0.00018310546875,0.000495904970479355
1060,262144,262144,57,0.000217437744140625,0.000197710403048168
1061,262144,262144,60,0.0002288818359375,0.00012319691052953274
1062,262144,262144,58,0.00022125244140625,6.480493207861038e-05
1063,262144,262144,56,0.000213623046875,0.00072481369099342
1064,262144,262144,46,0.00017547607421875,0.0002948763142451849
1065,262144,262144,61,0.000232696533203125,2.364875974314451e-05
1066,262144,262144,61,0.000232696533203125,9.997130931060916e-05
1067,262144,262144,41,0.000156402587890625,0.0009306497219334631
1068,262144,262144,55,0.000209808349609375,1.6387261864370117e-05
1069,262144,262144,46,0.00017547607421875,0.0002662783473974528
1070,262144,262144,51,0.000194549560546875,9.152140786805596e-05
1071,262144,262144,54,0.00020599365234375,1.3183070455724533e-05
1072,262144,262144,68,0.0002593994140625,0.0004807583554224948
1073,262144,262144,66,0.00025177001953125,1.6193585875790006e-05
1074,262144,262144,74,0.00028228759765625,2.430869603964325e-05
1075,262144,262144,57,0.000217437744140625,2.2938890968937642e-05
1076,262144,262144,59,0.000225067138671875,5.252644372055748e-05
1077,262144,262144,59,0.000225067138671875,9.554804976552589e-06
1078,262144,262144,56,0.000213623046875,1.9874482253268155e-06
1079,262144,262144,57,0.000217437744140625,0.00016601921629577632
1080,262144,262144,54,0.00020599365234375,0.0001977919649813753
1081,262144,262144,54,0.00020599365234375,0.00010424161418742806
1082,262144,262144,68,0.0002593994140625,2.594802314592748e-05
1083,262144,262144,56,0.000213623046875,4.3733179776683784e-05
1084,262144,262144,64,0.000244140625,9.267739381324525e-05
1085,262144,262144,52,0.0001983642578125,0.0003684643022803247
1086,262144,262144,58,0.00022125244140625,5.518744530408348e-05
1087,262144,262144,49,0.000186920166015625,0.00032967991208798786
1088,262144,262144,59,0.000225067138671875,0.00012743596635744758
1089,262144,262144,48,0.00018310546875,0.0001527426464094095
1090,262144,262144,57,0.000217437744140625,0.0006416572026426426
1091,262144,262144,68,0.0002593994140625,0.0001886979232246233
1092,262144,262144,51,0.000194549560546875,0.0003175251031244386
1093,262144,262144,47,0.000179290771484375,1.582887537177058e-05
1094,262144,262144,53,0.000202178955078125,0.0002903070333315494
1095,262144,262144,55,0.000209808349609375,0.0007343109082185162
1096,262144,262144,59,0.000225067138671875,0.00027333392602058026
1097,262144,262144,52,0.0001983642578125,0.0002086960889593481
1098,262144,262144,53,0.000202178955078125,0.00011577364225789921
1099,262144,262143,49,0.000186920166015625,3.1083329101067037e-05
1100,262144,262144,57,0.000217437744140625,0.0001665929193610527
1101,262144,262144,47,0.000179290771484375,0.0007712306177263262
1102,262144,262144,50,0.00019073486328125,0.0006506849965808303
1103,262144,262143,46,0.00017547607421875,0.00019478921523230497
1104,262144,262144,57,0.000217437744140625,0.0004034934902550358
1105,262144,262144,61,0.000232696533203125,0.00039609680539687275
1106,262144,262144,47,0.000179290771484375,0.00035910136268269
1107,262144,262144,61,0.000232696533203125,0.000220382527190921
1108,262144,262144,54,0.00020599365234375,4.67700964583706e-05
1109,262144,262144,60,0.0002288818359375,0.001001779184737206
1110,262144,262144,60,0.0002288818359375,0.0002451997326584632
1111,262144,262144,48,0.00018310546875,1.4928473704323153e-05
1112,262144,262144,52,0.0001983642578125,0.0007082155370985443
1113,262144,262144,55,0.000209808349609375,0.0003188805552594154
1114,262144,262144,59,0.000225067138671875,0.00020691998790556276
1115,262144,262144,54,0.00020599365234375,0.00018221591501066392
1116,262144,262144,48,0.00018310546875,0.00014042862370078346
1117,262144,262144,45,0.000171661376953125,5.165309300658727e-05
1118,262144,262144,50,0.00019073486328125,2.3968646826189044e-05
1119,262144,262144,51,0.000194549560546875,3.2789465273852514e-05
1120,262144,262144,60,0.0002288818359375,0.00026116470555259674
1121,262144,262144,53,0.000202178955078125,0.0002607748569585233
1122,262144,262144,63,0.000240325927734375,7.968442534367348e-05
1123,262144,262144,65,0.000247955322265625,0.0002327972621798402
1124,262144,262144,57,0.000217437744140625,6.087102962615276e-05
1125,262144,262144,62,0.00023651123046875,0.00035720795665383775
1126,262144,262144,53,0.000202178955078125,2.831305435901932e-05
1127,262144,262144,49,0.000186920166015625,1.4093964363359746e-05
1128,262144,262144,66,0.00025177001953125,0.0005912446459344078
1129,262144,262144,56,0.000213623046875,3.637796529387671e-05
1130,262144,262144,51,0.000194549560546875,0.0008913214958150562
1131,262144,262144,52,0.0001983642578125,0.00011364645131983764
1132,262144,262144,63,0.000240325927734375,0.0003824858096173056
1133,262144,262144,58,0.00022125244140625,0.00031770407432762937
1134,262144,262144,49,0.000186920166015625,0.000257645134498663
1135,262144,262144,55,0.000209808349609375,0.000135785594832738
1136,262144,262144,52,0.0001983642578125,0.0002506469681777812
1137,262144,262143,59,0.000225067138671875,0.00021260211189289002
1138,262144,262144,55,0.000209808349609375,7.708626043445577e-05
1139,262144,262144,51,0.000194549560546875,0.0006810310777896067
1140,262144,262144,63,0.000240325927734375,0.00028663934710948524
1141,262144,262144,56,0.000213623046875,0.0006228484104102705
1142,262144,262144,51,0.000194549560546875,0.00012851936595859037
1143,262144,262144,58,0.00022125244140625,0.0001106611327277296
1144,262144,262144,49,0.000186920166015625,0.00010058771472976069
1145,262144,262144,66,0.00025177001953125,0.0003016040822401145
1146,262144,262144,54,0.00020599365234375,0.00021225256687640304
1147,262144,262144,55,0.000209808349609375,8.546037998824474e-05
1148,262144,262144,51,0.000194549560546875,0.0006586943561159853
1149,262144,262143,62,0.00023651123046875,0.000232864325322657
1150,262144,262144,48,0.00018310546875,0.0013394935266344277
1151,262144,262144,57,0.000217437744140625,3.3640668370304994e-05
1152,262144,262144,51,0.000194549560546875,0.000423518969261405
1153,262144,262144,56,0.000213623046875,0.00014328545448738517
1154,262144,262144,54,0.00020599365234375,6.236335466169862e-05
1155,262144,262144,76,0.0002899169921875,0.00033989408452206327
1156,262144,262144,57,0.000217437744140625,9.885953859001262e-05
1157,262144,262144,58,0.00022125244140625,7.496223772740507e-05
1158,262144,262144,63,0.000240325927734375,3.353906829373088e-06
1159,262144,262144,68,0.0002593994140625,5.683353583951778e-05
1160,262144,262144,61,0.000232696533203125,0.00012994071366523308
1161,262144,262144,58,0.00022125244140625,0.0002010651792121454
1162,262144,262144,64,0.000244140625,0.00028783424183354
1163,262144,262144,60,0.0002288818359375,0.0002321735702113248
1164,262144,262144,51,0.000194549560546875,0.00024654736878670924
1165,262144,262144,66,0.00025177001953125,0.00019312371825530583
1166,262144,262144,49,0.000186920166015625,5.58528598844088e-05
1167,262144,262144,49,0.000186920166015625,3.942211847740573e-05
1168,262144,262144,59,0.000225067138671875,7.009563490867343e-05
1169,262144,262144,55,0.000209808349609375,1.3855763777659291e-05
1170,262144,262144,58,0.00022125244140625,5.191021458217371e-05
1171,262144,262144,66,0.00025177001953125,0.0011306035757854271
1172,262144,262144,70,0.00026702880859375,0.0006578264845991111
1173,262144,262144,54,0.00020599365234375,0.0009501750858045277
1174,262144,262144,77,0.000293731689453125,0.00017474331263733767
1175,262144,262144,59,0.000225067138671875,6.311570463179983e-05
1176,262144,262144,49,0.000186920166015625,4.99930846029617e-05
1177,262144,262144,48,0.00018310546875,0.0001864791495507223
1178,262144,262144,44,0.0001678466796875,1.4067198760514543e-05
1179,262144,262144,54,0.00020599365234375,0.0007738022580070503
1180,262144,262144,46,0.00017547607421875,0.000667717845154181
1181,262144,262144,47,0.000179290771484375,0.00019986714032049768
1182,262144,262144,65,0.000247955322265625,6.478546077226532e-05
1183,262144,262144,51,0.000194549560546875,0.000710554457896917
1184,262144,262144,60,0.0002288818359375,6.967340408214895e-05
1185,262144,262144,39,0.000148773193359375,0.0005092466315106403
1186,262144,262144,49,0.000186920166015625,0.0005162064745414252
1187,262144,262144,62,0.00023651123046875,0.00040039285366266775
1188,262144,262144,52,0.0001983642578125,0.00016394701739352868
1189,262144,262144,55,0.000209808349609375,0.00024069255926151278
1190,262144,262144,55,0.000209808349609375,0.00044461307207122047
1191,262144,262144,49,0.000186920166015625,0.00036101656774256696
1192,262144,262144,69,0.000263214111328125,4.2579836976752716e-05
1193,262144,262144,53,0.000202178955078125,5.745252583366778e-05
1194,262144,262144,58,0.00022125244140625,2.3026559892613818e-05
1195,262144,262144,45,0.000171661376953125,0.0010017105305035745
1196,262144,262144,57,0.000217437744140625,0.0012259680421060626
1197,262144,262144,59,0.000225067138671875,0.0003301788796943317
1198,262144,262144,66,0.00025177001953125,0.00013462711086753565
1199,262144,262144,55,0.000209808349609375,0.0004839033980037488
1200,262144,262144,57,0.000217437744140625,1.3648846206582022e-06
1201,262144,262144,40,0.000152587890625,6.877447963793415e-05
1202,262144,262144,60,0.0002288818359375,0.00028221038288567257
1203,262144,262144,46,0.00017547607421875,0.0014191773870886326
1204,262144,262144,57,0.000217437744140625,0.0006188094954420187
1205,262144,262144,51,0.000194549560546875,2.970961831039176e-05
1206,262144,262144,48,0.00018310546875,0.00010999523758026264
1207,262144,262144,57,0.000217437744140625,0.00044737759337309946
1208,262144,262144,55,0.000209808349609375,0.00018524069397107823
1209,262144,262144,61,0.000232696533203125,1.4046132644995879e-05
1210,262144,262144,62,0.00023651123046875,0.0005660369158926315
1211,262144,262144,51,0.000194549560546875,7.891292197981237e-05
1212,262144,262144,57,0.000217437744140625,0.00026681775675574393
1213,262144,262144,59,0.000225067138671875,0.0003254420651823686
1214,262144,262144,51,0.000194549560546875,0.0001998602507928826
1215,262144,262144,59,0.000225067138671875,0.00011287045889729619
1216,262144,262144,55,0.000209808349609375,0.0005442450194184101
1217,262144,262144,59,0.000225067138671875,0.00023872021768611695
1218,262144,262144,54,0.00020599365234375,0.0012118255009221368
1219,262144,262144,68,0.0002593994140625,0.0003868149553085676
1220,262144,262144,53,0.000202178955078125,9.864410125848266e-05
1221,262144,262144,47,0.000179290771484375,0.0006935986571481312
1222,262144,262144,48,0.00018310546875,0.00016175810576690708
1223,262144,262144,46,0.00017547607421875,3.4899311456282334e-06
1224,262144,262144,52,0.0001983642578125,0.00020990565717515786
1225,262144,262144,53,0.000202178955078125,1.7656039559721393e-05
1226,262144,262144,50,0.00019073486328125,0.0001259719751092181
1227,262144,262144,57,0.000217437744140625,0.0001733899626459312
1228,262144,262144,47,0.000179290771484375,0.0002592545096682386
1229,262144,262144,65,0.000247955322265625,0.0003656963555973558
1230,262144,262144,55,0.000209808349609375,5.5760735323762134e-05
1231,262144,262144,51,0.000194549560546875,5.379569743046986e-05
1232,262144,262144,52,0.0001983642578125,0.0009338750002625407
1233,262144,262144,52,0.0001983642578125,0.0002736338469271349
1234,262144,262144,59,0.000225067138671875,9.119469331042573e-05
1235,262144,262144,47,0.000179290771484375,0.00028218489846398853
1236,262144,262144,55,0.000209808349609375,8.539597329937365e-06
1237,262144,262144,62,0.00023651123046875,3.6427127009019955e-05
1238,262144,262144,58,0.00022125244140625,0.000158977006478489
1239,262144,262144,53,0.000202178955078125,0.00023343974760492436
1240,262144,262144,61,0.000232696533203125,0.0002566743326206655
1241,262144,262144,57,0.000217437744140625,8.799690562133478e-05
1242,262144,262144,57,0.000217437744140625,0.00011614582440477861
1243,262144,262144,61,0.000232696533203125,9.25116547425553e-05
1244,262144,262144,47,0.000179290771484375,4.937288461648315e-05
1245,262144,262144,54,0.00020599365234375,0.0007985811441748591
1246,262144,262144,55,0.000209808349609375,0.00014279924867932614
1247,262144,262144,54,0.00020599365234375,0.00038524113257754067
1248,262144,262144,52,0.0001983642578125,0.0006807387129472708
1249,262144,262144,52,0.0001983642578125,9.520814809937939e-05
1250,262144,262144,72,0.000274658203125,5.50166841597477e-05
1251,262144,262144,49,0.000186920166015625,0.0004257089713133322
1252,262144,262144,58,0.00022125244140625,4.09731472610364e-05
1253,262144,262144,51,0.000194549560546875,0.0006652769987960383
1254,262144,262144,53,0.000202178955078125,0.0005313034029166275
1255,262144,262144,58,0.00022125244140625,0.00027828507204863406
1256,262144,262144,62,0.00023651123046875,0.0005007029211459013
1257,262144,262144,65,0.000247955322265625,0.0002570929589575943
1258,262144,262144,45,0.000171661376953125,0.0005017676369691859
1259,262144,262144,48,0.00018310546875,0.0006417927278699054
1260,262144,262144,60,0.0002288818359375,0.0005727909584332114
1261,262144,262144,61,0.000232696533203125,0.0007963917579836277
1262,262144,262144,56,0.000213623046875,0.00021841472382844174
1263,262144,262144,68,0.0002593994140625,2.5247654270810216e-05
1264,262144,262144,54,0.00020599365234375,0.0003196719378020241
1265,262144,262144,56,0.000213623046875,1.7193080567468044e-05
1266,262144,262144,55,0.000209808349609375,0.0011371130920608818
1267,262144,262144,46,0.00017547607421875,0.00031570010000225857
1268,262144,262144,56,0.000213623046875,0.0006515310293466747
1269,262144,262144,63,0.000240325927734375,0.00035256137167238855
1270,262144,262144,55,0.000209808349609375,0.0004191925180396794
1271,262144,262144,58,0.00022125244140625,8.772529301070975e-05
1272,262144,262144,59,0.000225067138671875,0.00025528378847305966
1273,262144,262144,61,0.000232696533203125,0.0008910357362736931
1274,262144,262144,53,0.000202178955078125,0.0007041604065793905
1275,262144,262144,50,0.00019073486328125,0.0005621485646158941
1276,262144,262144,43,0.000164031982421875,1.0446541170994195e-05
1277,262144,262144,42,0.00016021728515625,0.001987696711291287
1278,262144,262144,58,0.00022125244140625,0.00027458862005236284
1279,262144,262144,63,0.000240325927734375,0.0006344729281251293
1280,262144,262144,66,0.00025177001953125,0.0004117322836227899
1281,262144,262144,46,0.00017547607421875,0.0004453916991919993
1282,262144,262144,64,0.000244140625,0.00012218462993085488
1283,262144,262144,67,0.000255584716796875,6.078772937545551e-05
1284,262144,262144,45,0.000171661376953125,5.4079382759475436e-05
1285,262144,262144,60,0.0002288818359375,0.00019186634718382223
1286,262144,262144,63,0.000240325927734375,0.0005365428942303296
1287,262144,262144,51,0.000194549560546875,1.512682500837137e-05
1288,262144,262144,49,0.000186920166015625,0.00014339816708197617
1289,262144,262144,63,0.000240325927734375,0.0001165361748511895
1290,262144,262144,63,0.000240325927734375,2.020362505983364e-05
1291,262144,262144,52,0.0001983642578125,0.00026268062687040405
1292,262144,262144,44,0.0001678466796875,0.0005999934380109817
1293,262144,262144,49,0.000186920166015625,0.0006589095691260649
1294,262144,262144,62,0.00023651123046875,2.407220792854936e-05
1295,262144,262144,52,0.0001983642578125,0.00036516341534809094
1296,262144,262144,53,0.000202178955078125,0.00013575094299511647
1297,262144,262144,56,0.000213623046875,0.00014421213352022733
1298,262144,262144,60,0.0002288818359375,0.0001618786567991748
1299,262144,262144,50,0.00019073486328125,3.692991008463764e-05
1300,262144,262144,60,0.0002288818359375,2.7971064429310744e-05
1301,262144,262144,46,0.00017547607421875,0.0002909599888054615
1302,262144,262144,52,0.0001983642578125,0.001039205317939107
1303,262144,262144,62,0.00023651123046875,0.0002762604931387802
1304,262144,262144,50,0.00019073486328125,3.5600485708275897e-06
1305,262144,262144,71,0.000270843505859375,8.085893374709663e-05
1306,262144,262144,54,0.00020599365234375,0.00012330116387593293
1307,262144,262144,61,0.000232696533203125,0.00016662297790648317
1308,262144,262144,60,0.0002288818359375,6.89777449804918e-05
1309,262144,262144,63,0.000240325927734375,0.0010126763935185412
1310,262144,262144,57,0.000217437744140625,2.8423223006557308e-05
1311,262144,262144,58,0.00022125244140625,5.009333165850727e-05
1312,262144,262144,56,0.000213623046875,0.0007023897529598866
1313,262144,262144,52,0.0001983642578125,0.00035229235222478117
1314,262144,262144,62,0.00023651123046875,0.0004130627511502727
1315,262144,262144,49,0.000186920166015625,9.777337967853406e-05
1316,262144,262144,55,0.000209808349609375,0.0006497087121859479
1317,262144,262144,60,0.0002288818359375,0.00019838529672444594
1318,262144,262144,68,0.0002593994140625,0.0005692221480033677
1319,262144,262144,49,0.000186920166015625,0.00013596095107182293
1320,262144,262144,53,0.000202178955078125,0.0005681876271859121
1321,262144,262144,60,0.0002288818359375,0.00010928150415501214
1322,262144,262144,56,0.000213623046875,3.53289686854108e-05
1323,262144,262144,57,0.000217437744140625,0.00046305674543245523
1324,262144,262144,68,0.0002593994140625,0.0006978125082692799
1325,262144,262144,45,0.000171661376953125,0.0007485732348366803
1326,262144,262144,45,0.000171661376953125,9.294777312351954e-05
1327,262144,262144,61,0.000232696533203125,0.000133369561233998
1328,262144,262144,55,0.000209808349609375,0.0002987624186747695
1329,262144,262144,63,0.000240325927734375,0.00018953671575694386
1330,262144,262144,57,0.000217437744140625,7.732666116133657e-05
1331,262144,262144,47,0.000179290771484375,9.326317802060835e-05
1332,262144,262144,58,0.00022125244140625,0.0004263846814569483
1333,262144,262144,56,0.000213623046875,7.42150476920056e-05
1334,262144,262144,65,0.000247955322265625,5.343366463650412e-05
1335,262144,262144,47,0.000179290771484375,3.4727920755095454e-05
1336,262144,262144,62,0.00023651123046875,0.0006416212103108609
1337,262144,262144,61,0.000232696533203125,8.471021301414972e-05
1338,262144,262144,55,0.000209808349609375,0.0005983695731912597
1339,262144,262144,57,0.000217437744140625,0.00021152716435879348
1340,262144,262144,55,0.000209808349609375,1.6640553154756432e-05
1341,262144,262144,64,0.000244140625,0.00012617074809373463
1342,262144,262144,46,0.00017547607421875,2.272806032266317e-06
1343,262144,262144,61,0.000232696533203125,0.0003491578940393314
1344,262144,262144,47,0.000179290771484375,0.00117453265065115
1345,262144,262144,65,0.000247955322265625,0.0001199719455939885
1346,262144,262144,66,0.00025177001953125,0.00039752155809069656
1347,262144,262144,48,0.00018310546875,0.0003320278455192227
1348,262144,262144,49,0.000186920166015625,0.0003555753899402436
1349,262144,262144,44,0.0001678466796875,0.00019305488124610193
1350,262144,262144,53,0.000202178955078125,6.665544518802413e-05
1351,262144,262144,69,0.000263214111328125,9.280166162994874e-05
1352,262144,262144,54,0.00020599365234375,0.0006044148558470575
1353,262144,262144,63,0.000240325927734375,0.00010810018542461997
1354,262144,262144,54,0.00020599365234375,0.00021938500379503623
1355,262144,262144,57,0.000217437744140625,0.0001867312088963402
1356,262144,262144,53,0.000202178955078125,0.0002077634111685711
1357,262144,262144,47,0.000179290771484375,0.00012877957872459156
1358,262144,262144,55,0.000209808349609375,0.00038583056986696285
1359,262144,262144,52,0.0001983642578125,0.00044839767550497456
1360,262144,262144,71,0.000270843505859375,4.325776126812286e-05
1361,262144,262144,60,0.0002288818359375,0.00011649999227891783
1362,262144,262144,61,0.000232696533203125,0.0002085409725216536
1363,262144,262144,58,0.00022125244140625,0.00020571511327815983
1364,262144,262144,45,0.000171661376953125,0.00010504348810558284
1365,262144,262144,63,0.000240325927734375,0.0006117094213120566
1366,262144,262144,49,0.000186920166015625,0.00022642656322680033
1367,262144,262144,64,0.000244140625,0.0009457244551915878
1368,262144,262144,58,0.00022125244140625,0.0014106472889583443
1369,262144,262144,50,0.00019073486328125,0.0009528755789471877
1370,262144,262144,49,0.000186920166015625,0.0002729632238398505
1371,262144,262144,67,0.000255584716796875,6.660167940930606e-06
1372,262144,262144,47,0.000179290771484375,0.00017653727572675137
1373,262144,262144,67,0.000255584716796875,8.541603047085289e-06
1374,262144,262144,61,0.000232696533203125,0.0003569635044484709
1375,262144,262144,54,0.00020599365234375,0.001645777821733807
1376,262144,262144,71,0.000270843505859375,0.0005461680440796979
1377,262144,262144,54,0.00020599365234375,5.916233342917465e-05
1378,262144,262144,46,0.00017547607421875,5.218781316118637e-05
1379,262144,262144,50,0.00019073486328125,0.0005605350612944981
1380,262144,262144,55,0.000209808349609375,0.00014031138375925067
1381,262144,262144,55,0.000209808349609375,0.000502168038071682
1382,262144,262144,53,0.000202178955078125,0.0008953732113974322
1383,262144,262144,56,0.000213623046875,0.00029478798237358994
1384,262144,262144,47,0.000179290771484375,0.0001364239783099297
1385,262144,262144,55,0.000209808349609375,1.0984905986388682e-05
1386,262144,262144,52,0.0001983642578125,0.00012050496412929768
1387,262144,262144,63,0.000240325927734375,0.00011462246491733552
1388,262144,262144,61,0.000232696533203125,5.9800813193788827e-05
1389,262144,262144,51,0.000194549560546875,0.0008672421961355425
1390,262144,262144,50,0.00019073486328125,2.224257412963837e-05
1391,262144,262144,67,0.000255584716796875,0.000137960341549892
1392,262144,262144,47,0.000179290771484375,1.292160290589095e-05
1393,262144,262144,61,0.000232696533203125,5.2476257086597755e-05
1394,262144,262144,57,0.000217437744140625,6.0929990066016515e-05
1395,262144,262144,50,0.00019073486328125,0.0009594627876332584
1396,262144,262144,66,0.00025177001953125,0.0004545482911213483
1397,262144,262144,58,0.00022125244140625,0.0003564640786026807
1398,262144,262144,58,0.00022125244140625,0.0005412160283717604
1399,262144,262144,68,0.0002593994140625,0.00011352349655568972
1400,262144,262144,55,0.000209808349609375,8.770785246903223e-05
1401,262144,262144,60,0.0002288818359375,1.93621701338742e-06
1402,262144,262144,55,0.000209808349609375,1.8610302148225344e-06
1403,262144,262144,57,0.000217437744140625,0.00038010431952395507
1404,262144,262144,57,0.000217437744140625,0.00018557973932042948
1405,262144,262144,46,0.00017547607421875,0.0005343832896171907
1406,262144,262144,47,0.000179290771484375,1.9316322008133824e-05
1407,262144,262144,64,0.000244140625,6.326097634290484e-05
1408,262144,262144,61,0.000232696533203125,0.000684025356421536
1409,262144,262144,53,0.000202178955078125,0.000283515037126314
1410,262144,262144,64,0.000244140625,0.0002723394714614358
1411,262144,262144,63,0.000240325927734375,0.0004964698974532222
1412,262144,262144,54,0.00020599365234375,0.0005251072510870092
1413,262144,262144,51,0.000194549560546875,0.00013416870769877853
1414,262144,262144,51,0.000194549560546875,0.0007376792331670323
1415,262144,262144,52,0.0001983642578125,0.0003928012018477034
1416,262144,262144,73,0.000278472900390625,0.0005862871201993691
1417,262144,262144,56,0.000213623046875,0.000139984731195808
1418,262144,262144,49,0.000186920166015625,0.0001507619536391669
1419,262144,262144,56,0.000213623046875,0.0007065095746223715
1420,262144,262144,61,0.000232696533203125,8.608026993339735e-05
1421,262144,262144,48,0.00018310546875,0.0006998741684542953
1422,262144,262144,62,0.00023651123046875,0.00036258361059937627
1423,262144,262144,56,0.000213623046875,4.950013744142723e-05
1424,262144,262144,54,0.00020599365234375,0.0002878876648262363
1425,262144,262144,61,0.000232696533203125,0.0003031362643803881
1426,262144,262144,58,0.00022125244140625,0.00012971685256180088
1427,262144,262144,62,0.00023651123046875,8.138422681791546e-05
1428,262144,262144,63,0.000240325927734375,0.00016735793359279327
1429,262144,262144,60,0.0002288818359375,7.922634030377296e-06
1430,262144,262144,74,0.00028228759765625,0.0009544887240922062
1431,262144,262144,69,0.000263214111328125,0.0009398554587840557
1432,262144,262144,57,0.000217437744140625,3.201022244958551e-05
1433,262144,262144,61,0.000232696533203125,0.0001682152424200556
1434,262144,262144,55,0.000209808349609375,0.0003261033307033756
1435,262144,262144,48,0.00018310546875,0.00031629302427838013
1436,262144,262144,55,0.000209808349609375,0.00021494082471340548
1437,262144,262144,50,0.00019073486328125,8.337268984770496e-05
1438,262144,262144,58,0.00022125244140625,0.00020742088018033122
1439,262144,262144,51,0.000194549560546875,0.0005355700514311224
1440,262144,262144,61,0.000232696533203125,0.0003047224738734755
1441,262144,262144,66,0.00025177001953125,0.00018944141025589722
1442,262144,262144,45,0.000171661376953125,0.00024542816933692535
1443,262144,262144,56,0.000213623046875,0.00029864437246307496
1444,262144,262144,59,0.000225067138671875,0.00011946056841560804
1445,262144,262144,59,0.000225067138671875,0.0004333241908749397
1446,262144,262144,63,0.000240325927734375,0.00012687904080799228
1447,262144,262144,54,0.00020599365234375,5.534759991254745e-05
1448,262144,262144,58,0.00022125244140625,0.0016824308565484003
1449,262144,262144,59,0.000225067138671875,0.00011850316992556564
1450,262144,262144,63,0.000240325927734375,0.0005569029951653093
1451,262144,262144,52,0.0001983642578125,0.0002188181216102869
1452,262144,262144,61,0.000232696533203125,7.601497961817749e-05
1453,262144,262144,48,0.00018310546875,0.00017563935253472884
1454,262144,262144,58,0.00022125244140625,0.00030205044501729894
1455,262144,262144,59,0.000225067138671875,1.953806147469983e-05
1456,262144,262144,66,0.00025177001953125,0.00010239930824296195
1457,262144,262144,41,0.000156402587890625,0.0007159759968442536
1458,262144,262144,54,0.00020599365234375,4.5093026546538795e-05
1459,262144,262144,62,0.00023651123046875,2.6222948201093388e-05
1460,262144,262144,52,0.0001983642578125,2.4573537608985063e-05
1461,262144,262144,54,0.00020599365234375,6.513829307208674e-05
1462,262144,262144,48,0.00018310546875,0.00023611365783149374
1463,262144,262144,59,0.000225067138671875,7.625224233298589e-05
1464,262144,262144,64,0.000244140625,0.0002034876042023015
1465,262144,262144,67,0.000255584716796875,6.848721277785685e-05
1466,262144,262144,53,0.000202178955078125,4.3349318860075314e-05
1467,262144,262144,57,0.000217437744140625,0.00020005669844547214
1468,262144,262144,59,0.000225067138671875,0.000752974739561596
1469,262144,262144,60,0.0002288818359375,7.788503945360681e-05
1470,262144,262144,65,0.000247955322265625,0.0005370841372822621
1471,262144,262144,49,0.000186920166015625,0.00023294175062948952
1472,262144,262144,42,0.00016021728515625,0.0009129466215229698
1473,262144,262144,57,0.000217437744140625,0.00034465134148997656
1474,262144,262144,56,0.000213623046875,0.000264461762571111
1475,262144,262144,56,0.000213623046875,0.0002869394421503024
1476,262144,262144,59,0.000225067138671875,0.00014851137014781912
1477,262144,262144,53,0.000202178955078125,0.00045664853766358426
1478,262144,262144,52,0.0001983642578125,0.001532162449012997
1479,262144,262144,63,0.000240325927734375,0.000502670558508056
1480,262144,262144,53,0.000202178955078125,0.0002462182640063926
1481,262144,262144,49,0.000186920166015625,0.00011300882657150346
1482,262144,262144,61,0.000232696533203125,0.00025318974918664416
1483,262144,262144,45,0.000171661376953125,0.0012752927005499348
1484,262144,262144,43,0.000164031982421875,0.0005065398273622623
1485,262144,262144,63,0.000240325927734375,0.00044992310776947875
1486,262144,262144,49,0.000186920166015625,0.00020708734916574656
1487,262144,262144,57,0.000217437744140625,0.0003523550389943342
1488,262144,262144,53,0.000202178955078125,0.0002131017245594613
1489,262144,262144,50,0.00019073486328125,0.00031380389706092693
1490,262144,262144,60,0.0002288818359375,0.0005853512224343049
1491,262144,262144,67,0.000255584716796875,8.598103911450217e-05
1492,262144,262144,59,0.000225067138671875,0.00030563653799564605
1493,262144,262144,70,0.00026702880859375,0.00010861611884704914
1494,262144,262144,69,0.000263214111328125,0.00012961735078453884
1495,262144,262144,60,0.0002288818359375,0.0008903920048899394
1496,262144,262144,51,0.000194549560546875,0.0005137990782724255
1497,262144,262144,52,0.0001983642578125,0.00023567218713771432
1498,262144,262144,54,0.00020599365234375,0.0005623355786270601
1499,262144,262144,63,0.000240325927734375,0.0008218458418065566
1500,262144,262144,54,0.00020599365234375,0.00015251374036084897
1501,262144,262144,51,0.000194549560546875,0.00039017917907635535
1502,262144,262144,48,0.00018310546875,0.0003470284406352775
1503,262144,262144,57,0.000217437744140625,0.00015523885430890338
1504,262144,262144,60,0.0002288818359375,0.00011294608265299821
1505,262144,262144,50,0.00019073486328125,0.0005324909985620074
1506,262144,262144,57,0.000217437744140625,4.0837245080416196e-05
1507,262144,262144,56,0.000213623046875,5.268965114590962e-05
1508,262144,262144,47,0.000179290771484375,0.00027390781537572906
1509,262144,262144,56,0.000213623046875,0.00047633902481125645
1510,262144,262144,59,0.000225067138671875,1.8209512199218736e-05
1511,262144,262144,63,0.000240325927734375,0.0006086834655019135
1512,262144,262144,57,0.000217437744140625,0.00015725785542786141
1513,262144,262144,67,0.000255584716796875,6.428155560556092e-05
1514,262144,262144,48,0.00018310546875,0.00047163803402527904
1515,262144,262144,60,0.0002288818359375,0.00045740077739653273
1516,262144,262144,47,0.000179290771484375,0.0001928222174751859
1517,262144,262144,42,0.00016021728515625,0.00019465968325937943
1518,262144,262144,54,0.00020599365234375,0.00042988473997329635
1519,262144,262144,48,0.00018310546875,0.0004260291546827055
1520,262144,262144,60,0.0002288818359375,0.0006180749148401166
1521,262144,262144,55,0.000209808349609375,5.128471996473927e-05
1522,262144,262144,45,0.000171661376953125,0.0014318344711881092
1523,262144,262144,45,0.000171661376953125,0.0004642507804331064
1524,262144,262144,44,0.0001678466796875,0.0005310558330309245
1525,262144,262144,53,0.000202178955078125,0.00039739359289581166
1526,262144,262144,62,0.00023651123046875,8.076427927017349e-05
1527,262144,262144,53,0.000202178955078125,0.00042200591588659186
1528,262144,262144,60,0.0002288818359375,0.0007366478776735796
1529,262144,262144,54,0.00020599365234375,0.00016963945266090796
1530,262144,262144,44,0.0001678466796875,0.0006062173218452926
1531,262144,262144,51,0.000194549560546875,3.586553301881956e-05
1532,262144,262144,53,0.000202178955078125,0.00032565040389331834
1533,262144,262144,53,0.000202178955078125,0.0003584564311067684
1534,262144,262144,62,0.00023651123046875,0.00018331488986023103
1535,262144,262144,49,0.000186920166015625,0.0006140584724405596
1536,262144,262144,61,0.000232696533203125,9.968950683836297e-05
1537,262144,262144,47,0.000179290771484375,0.0012588728384361758
1538,262144,262144,65,0.000247955322265625,9.30310190241368e-05
1539,262144,262144,55,0.000209808349609375,3.1268201562850706e-05
1540,262144,262144,46,0.00017547607421875,0.0003734270335562506
1541,262144,262144,45,0.000171661376953125,0.001889153655843856
1542,262144,262144,60,0.0002288818359375,0.0003731437779594948
1543,262144,262144,61,0.000232696533203125,7.816410561511944e-05
1544,262144,262144,60,0.0002288818359375,0.0007146429411797328
1545,262144,262144,58,0.00022125244140625,1.3291809044524427e-05
1546,262144,262144,50,0.00019073486328125,0.00012656088630391693
1547,262144,262144,56,0.000213623046875,0.00015666717531104268
1548,262144,262144,51,0.000194549560546875,0.00040952753673129116
1549,262144,262144,40,0.000152587890625,5.5119852971241556e-05
1550,262144,262144,55,0.000209808349609375,3.7429465851168686e-05
1551,262144,262144,59,0.000225067138671875,0.0003087401206258722
1552,262144,262144,57,0.000217437744140625,6.447014447097388e-05
1553,262144,262144,61,0.000232696533203125,0.0005190323471297997
1554,262144,262144,56,0.000213623046875,0.0009642996802077253
1555,262144,262144,59,0.000225067138671875,0.00024388553038701133
1556,262144,262144,64,0.000244140625,0.0006151387644381945
1557,262144,262144,42,0.00016021728515625,4.746275246692022e-05
1558,262144,262144,60,0.0002288818359375,3.050726006836868e-05
1559,262144,262144,59,0.000225067138671875,0.0002905347367838651
1560,262144,262144,66,0.00025177001953125,0.00014497906741461897
1561,262144,262144,48,0.00018310546875,0.00023798036060918015
1562,262144,262144,66,0.00025177001953125,8.200292489934924e-06
1563,262144,262144,49,0.000186920166015625,0.0002178714160372408
1564,262144,262144,58,0.00022125244140625,8.273372208256191e-05
1565,262144,262144,51,0.000194549560546875,0.00047117061754353706
1566,262144,262144,69,0.000263214111328125,0.0005411778246482424
1567,262144,262144,52,0.0001983642578125,0.0008805989257303359
1568,262144,262144,58,0.00022125244140625,0.001035432086733401
1569,262144,262144,55,0.000209808349609375,0.0002232502100227851
1570,262144,262144,56,0.000213623046875,0.00010390776885382813
1571,262144,262144,64,0.000244140625,0.0001594991150886127
1572,262144,262144,59,0.000225067138671875,5.5440505103421245e-05
1573,262144,262144,53,0.000202178955078125,0.0004538022229163552
1574,262144,262144,71,0.000270843505859375,0.0003583139076992481
1575,262144,262144,59,0.000225067138671875,0.0002956165498848584
1576,262144,262144,66,0.00025177001953125,0.00015711842586529912
1577,262144,262144,57,0.000217437744140625,0.00012244578047582166
1578,262144,262144,51,0.000194549560546875,0.00027171341598752896
1579,262144,262144,63,0.000240325927734375,2.194705283375953e-05
1580,262144,262144,63,0.000240325927734375,3.6648374943881734e-05
1581,262144,262144,60,0.0002288818359375,0.001279694268940812
1582,262144,262144,65,0.000247955322265625,9.433196852737247e-05
1583,262144,262144,67,0.000255584716796875,0.0005284097185556114
1584,262144,262144,45,0.000171661376953125,0.00013539384386684894
1585,262144,262144,68,0.0002593994140625,9.938517702701155e-05
1586,262144,262144,52,0.0001983642578125,0.00040511150151067987
1587,262144,262144,52,0.0001983642578125,3.738093231819839e-05
1588,262144,262144,50,0.00019073486328125,0.00047766399330240183
1589,262144,262144,66,0.00025177001953125,0.0003413718572025104
1590,262144,262144,55,0.000209808349609375,0.00018315829632231662
1591,262144,262144,43,0.000164031982421875,0.00021314652994375294
1592,262144,262144,64,0.000244140625,2.6199429248530137e-05
1593,262144,262144,63,0.000240325927734375,1.0231413336780903e-05
1594,262144,262144,54,0.00020599365234375,0.000729835272671675
1595,262144,262144,56,0.000213623046875,0.0009219402156672718
1596,262144,262144,53,0.000202178955078125,0.0001478022690013514
1597,262144,262144,59,0.000225067138671875,0.0005299015917465955
1598,262144,262144,52,0.0001983642578125,1.898727407345646e-05
1599,262144,262144,60,0.0002288818359375,3.0340336641065946e-05
1600,262144,262144,63,0.000240325927734375,0.00039548866317029585
1601,262144,262144,53,0.000202178955078125,0.0005947098360603587
1602,262144,262144,59,0.000225067138671875,0.0001506879368575742
1603,262144,262144,53,0.000202178955078125,0.0007498890171133699
1604,262144,262144,59,0.000225067138671875,0.00011560344946137668
1605,262144,262144,60,0.0002288818359375,0.00029240880670489133
1606,262144,262144,62,0.00023651123046875,7.990301931659616e-05
1607,262144,262144,56,0.000213623046875,0.0002362747804420806
1608,262144,262144,61,0.000232696533203125,9.56257171473851e-05
1609,262144,262144,60,0.0002288818359375,1.1442856748367092e-05
1610,262144,262144,53,0.000202178955078125,7.72014396146492e-05
1611,262144,262144,63,0.000240325927734375,0.00035601747367519643
1612,262144,262144,62,0.00023651123046875,0.00038767054501076537
1613,262144,262144,45,0.000171661376953125,0.000979341654884447
1614,262144,262144,46,0.00017547607421875,0.00017021236554715102
1615,262144,262144,59,0.000225067138671875,5.592754430150393e-05
1616,262144,262144,49,0.000186920166015625,0.00011496326269067048
1617,262144,262144,66,0.00025177001953125,0.00013639741776838576
1618,262144,262144,58,0.00022125244140625,5.76343846527827e-05
1619,262144,262144,55,0.000209808349609375,0.001174871413073042
1620,262144,262144,62,0.00023651123046875,0.00017433812086076195
1621,262144,262144,50,0.00019073486328125,0.000191234605265711
1622,262144,262144,50,0.00019073486328125,3.7285955043708796e-05
1623,262144,262144,49,0.000186920166015625,0.0007447303742293965
1624,262144,262144,48,0.00018310546875,0.0008222394277384026
1625,262144,262144,39,0.000148773193359375,0.00016823482194538997
1626,262144,262144,63,0.000240325927734375,0.00031558516865781705
1627,262144,262144,53,0.000202178955078125,0.0009028320360273678
1628,262144,262144,50,0.00019073486328125,0.00018053576905296964
1629,262144,262144,50,0.00019073486328125,0.0003407803023307565
1630,262144,262144,60,0.0002288818359375,0.0004946648282757593
1631,262144,262144,63,0.000240325927734375,0.0014619328339666726
1632,262144,262144,64,0.000244140625,0.00013361818342372267
1633,262144,262144,59,0.000225067138671875,8.075367721782634e-05
1634,262144,262144,59,0.000225067138671875,0.00011819458603889998
1635,262144,262144,55,0.000209808349609375,0.0007074160714140021
1636,262144,262144,59,0.000225067138671875,0.00032837477004132865
1637,262144,262144,51,0.000194549560546875,0.0007854733964098859
1638,262144,262144,61,0.000232696533203125,0.0005071894160213475
1639,262144,262144,75,0.000286102294921875,0.00017724319565015634
1640,262144,262144,60,0.0002288818359375,0.0008200917144511877
1641,262144,262144,55,0.000209808349609375,0.0002440795380953542
1642,262144,262144,53,0.000202178955078125,0.000229928547705871
1643,262144,262144,51,0.000194549560546875,0.0011197329071901407
1644,262144,262144,54,0.00020599365234375,0.00015558700228934796
1645,262144,262144,57,0.000217437744140625,0.0003529599789355853
1646,262144,262144,58,0.00022125244140625,0.00019805331181088626
1647,262144,262144,62,0.00023651123046875,0.0003884563666836094
1648,262144,262144,45,0.000171661376953125,0.00017379537197426131
1649,262144,262144,65,0.000247955322265625,0.0004081428681472765
1650,262144,262144,47,0.000179290771484375,0.0003954102088803424
1651,262144,262144,62,0.00023651123046875,3.974523999028534e-06
1652,262144,262144,60,0.0002288818359375,0.0002862119110440542
1653,262144,262144,62,0.00023651123046875,0.0001496720987153033
1654,262144,262144,44,0.0001678466796875,0.00032797377563120733
1655,262144,262144,60,0.0002288818359375,1.6422634762314203e-05
1656,262144,262144,58,0.00022125244140625,0.000205130646860896
1657,262144,262144,56,0.000213623046875,4.456191447888003e-05
1658,262144,262144,44,0.0001678466796875,0.0008404845852776344
1659,262144,262144,63,0.000240325927734375,0.0002949526367785893
1660,262144,262144,60,0.0002288818359375,0.0001230950431312383
1661,262144,262144,58,0.00022125244140625,5.5482542583806804e-05
1662,262144,262144,52,0.0001983642578125,0.00038287731894870447
1663,262144,262144,59,0.000225067138671875,9.453758045174787e-05
1664,262144,262144,45,0.000171661376953125,0.00029423163695962984
1665,262144,262144,59,0.000225067138671875,2.579876599284603e-05
1666,262144,262144,56,0.000213623046875,6.3465106787674586e-06
1667,262144,262144,47,0.000179290771484375,0.0005951256842842145
1668,262144,262144,51,0.000194549560546875,0.0002048378747125934
1669,262144,262144,57,0.000217437744140625,0.0006104827641275623
1670,262144,262144,57,0.000217437744140625,0.00012082036476757096
1671,262144,262144,51,0.000194549560546875,0.00017800011481328148
1672,262144,262144,64,0.000244140625,0.0006576988905975245
1673,262144,262144,57,0.000217437744140625,0.00017138079902800918
1674,262144,262144,54,0.00020599365234375,0.00021550742089360142
1675,262144,262144,65,0.000247955322265625,0.0001611393651750337
1676,262144,262144,51,0.000194549560546875,0.000307109984484466
1677,262144,262144,52,0.0001983642578125,0.0006953626694676807
1678,262144,262144,45,0.000171661376953125,0.0005294947685197116
1679,262144,262144,52,0.0001983642578125,0.00047257847438109124
1680,262144,262144,46,0.00017547607421875,4.743382711502875e-06
1681,262144,262144,60,0.0002288818359375,8.611813403613944e-05
1682,262144,262144,65,0.000247955322265625,0.00020676837004729443
1683,262144,262144,64,0.000244140625,0.0004994399212367995
1684,262144,262144,51,0.000194549560546875,0.0016494660116737059
1685,262144,262144,70,0.00026702880859375,0.0003270206667751463
1686,262144,262144,52,0.0001983642578125,0.0007243371471354898
1687,262144,262144,60,0.0002288818359375,0.0002830774696120919
1688,262144,262144,51,0.000194549560546875,0.0002672925324436193
1689,262144,262144,53,0.000202178955078125,0.00024667820234269833
1690,262144,262144,61,0.000232696533203125,4.833867284381732e-05
1691,262144,262144,50,0.00019073486328125,0.0004845359852412301
1692,262144,262144,69,0.000263214111328125,0.0002580043302051749
1693,262144,262144,61,0.000232696533203125,0.00021071733541444537
1694,262144,262144,50,0.00019073486328125,0.0008351206433874214
1695,262144,262144,45,0.000171661376953125,0.0005728817644143902
1696,262144,262144,57,0.000217437744140625,0.0002586111969942184
1697,262144,262144,74,0.00028228759765625,0.0001435356184695813
1698,262144,262144,48,0.00018310546875,0.0006542614432329952
1699,262144,262144,58,0.00022125244140625,0.00036164344698508266
1700,262144,262144,58,0.00022125244140625,0.00022792000317539696
1701,262144,262144,58,0.00022125244140625,0.00060458743120817
1702,262144,262144,51,0.000194549560546875,0.00011922035267031283
1703,262144,262144,48,0.00018310546875,0.0003048091415513987
1704,262144,262144,59,0.000225067138671875,0.00021215139002461747
1705,262144,262144,64,0.000244140625,0.00027865280881678167
1706,262144,262144,60,0.0002288818359375,0.0008923204107089688
1707,262144,262144,56,0.000213623046875,0.0005825091477198452
1708,262144,262144,55,0.000209808349609375,0.00037583923294493005
1709,262144,262144,66,0.00025177001953125,0.00012063397309525214
1710,262144,262144,64,0.000244140625,9.53479790111178e-05
1711,262144,262144,60,0.0002288818359375,3.7672930217613754e-05
1712,262144,262144,56,0.000213623046875,0.000502903819607381
1713,262144,262144,49,0.000186920166015625,0.0003769833873166206
1714,262144,262144,44,0.0001678466796875,8.804421253438832e-05
1715,262144,262144,57,0.000217437744140625,0.00029919348060158946
1716,262144,262144,44,0.0001678466796875,9.5356096947663e-05
1717,262144,262144,62,0.00023651123046875,6.362578727014956e-05
1718,262144,262144,44,0.0001678466796875,0.00023662078819253196
1719,262144,262144,51,0.000194549560546875,0.0004700580854035685
1720,262144,262144,49,0.000186920166015625,0.001517734759543199
1721,262144,262144,69,0.000263214111328125,0.0005664422701345817
1722,262144,262144,58,0.00022125244140625,0.00014166332681408988
1723,262144,262144,66,0.00025177001953125,1.2480907449985423e-05
1724,262144,262144,56,0.000213623046875,0.00010179211075866945
1725,262144,262144,60,0.0002288818359375,1.1561561133133225e-05
1726,262144,262144,63,0.000240325927734375,0.0001964196828878606
1727,262144,262144,52,0.0001983642578125,8.982733532469922e-05
1728,262144,262144,66,0.00025177001953125,0.0005329519286789708
1729,262144,262144,58,0.00022125244140625,0.0001835308456823448
1730,262144,262144,51,0.000194549560546875,0.0002980780416088624
1731,262144,262144,47,0.000179290771484375,0.0004771050449838832
1732,262144,262144,58,0.00022125244140625,0.00010181182450530457
1733,262144,262144,49,0.000186920166015625,0.0002798974304252244
1734,262144,262144,53,0.000202178955078125,0.0001225688601695918
1735,262144,262144,54,0.00020599365234375,8.553484334750117e-05
1736,262144,262144,54,0.00020599365234375,0.00018088091261603267
1737,262144,262144,66,0.00025177001953125,0.00011115161249986016
1738,262144,262144,73,0.000278472900390625,0.000453274210824528
1739,262144,262144,58,0.00022125244140625,0.0003221665412636021
1740,262144,262144,55,0.000209808349609375,0.00022301130292468052
1741,262144,262144,68,0.0002593994140625,0.0005300979882230106
1742,262144,262144,51,0.000194549560546875,0.0006681452896253326
1743,262144,262144,55,0.000209808349609375,0.00033513225970382976
1744,262144,262144,50,0.00019073486328125,0.00015693573870390054
1745,262144,262144,64,0.000244140625,0.00022232265010546648
1746,262144,262144,52,0.0001983642578125,0.00010706520659264918
1747,262144,262144,43,0.000164031982421875,0.0007186134991992166
1748,262144,262144,47,0.000179290771484375,0.0005860508535824316
1749,262144,262144,58,0.00022125244140625,0.00016842052792775952
1750,262144,262144,53,0.000202178955078125,1.4565320229253942e-05
1751,262144,262144,61,0.000232696533203125,6.332629383254407e-05
1752,262144,262144,49,0.000186920166015625,0.00038745574960130647
1753,262144,262144,57,0.000217437744140625,0.0001651254205807806
1754,262144,262144,61,0.000232696533203125,0.00036798127093051747
1755,262144,262144,52,0.0001983642578125,0.00025451034726664545
1756,262144,262144,60,0.0002288818359375,0.00011860545267694533
1757,262144,262144,62,0.00023651123046875,0.00016904546196938597
1758,262144,262144,45,0.000171661376953125,0.0006424505315227869
1759,262144,262144,44,0.0001678466796875,0.0013437061741943257
1760,262144,262144,58,0.00022125244140625,0.001056168727715967
1761,262144,262144,61,0.000232696533203125,8.220254419288864e-05
1762,262144,262144,52,0.0001983642578125,8.34071313253748e-05
1763,262144,262144,57,0.000217437744140625,0.0005130136557243148
1764,262144,262144,63,0.000240325927734375,4.364537286982717e-05
1765,262144,262144,65,0.000247955322265625,6.116765550445713e-05
1766,262144,262144,55,0.000209808349609375,0.0010715001028225313
1767,262144,262144,54,0.00020599365234375,0.0006248268064710238
1768,262144,262144,51,0.000194549560546875,0.00036982247954253644
1769,262144,262144,46,0.00017547607421875,0.0009390656228516203
1770,262144,262144,62,0.00023651123046875,9.290072380085945e-05
1771,262144,262144,62,0.00023651123046875,0.0002645815452166911
1772,262144,262144,58,0.00022125244140625,0.0008635729697017425
1773,262144,262144,51,0.000194549560546875,6.620230970777463e-05
1774,262144,262144,51,0.000194549560546875,0.0005341517656822781
1775,262144,262144,62,0.00023651123046875,0.00018235298449287285
1776,262144,262144,65,0.000247955322265625,0.00011453799413918553
1777,262144,262144,59,0.000225067138671875,0.0001100774641125124
1778,262144,262144,54,0.00020599365234375,5.2715380142398516e-05
1779,262144,262144,60,0.0002288818359375,0.00033879508246759116
1780,262144,262144,42,0.00016021728515625,5.215116047274648e-05
1781,262144,262144,58,0.00022125244140625,0.00013409215442483635
1782,262144,262144,51,0.000194549560546875,8.882287315192805e-05
1783,262144,262144,49,0.000186920166015625,0.0004128017479345658
1784,262144,262144,43,0.000164031982421875,0.00043279152722153214
1785,262144,262144,53,0.000202178955078125,0.0015119583412006588
1786,262144,262144,59,0.000225067138671875,6.9435614782342725e-06
1787,262144,262144,53,0.000202178955078125,0.0003915302931547515
1788,262144,262144,43,0.000164031982421875,0.0004252035963163703
1789,262144,262144,47,0.000179290771484375,0.000367279901600126
1790,262144,262144,43,0.000164031982421875,0.0009349604952773038
1791,262144,262144,58,0.00022125244140625,0.0003191500939878633
1792,262144,262144,57,0.000217437744140625,0.00012205051087099683
1793,262144,262143,59,0.000225067138671875,0.00012784013363886793
1794,262144,262144,50,0.00019073486328125,0.0006642072066038729
1795,262144,262144,59,0.000225067138671875,0.00015015084639102838
1796,262144,262144,56,0.000213623046875,0.0001238176172435601
1797,262144,262144,53,0.000202178955078125,0.0009683689351085434
1798,262144,262144,45,0.000171661376953125,5.8578371150197484e-05
1799,262144,262144,57,0.000217437744140625,0.00025794644609034023
1800,262144,262144,60,0.0002288818359375,0.000139414092611867
1801,262144,262144,53,0.000202178955078125,0.00038002875823606175
1802,262144,262144,56,0.000213623046875,6.365732833457649e-05
1803,262144,262144,56,0.000213623046875,0.00040396966342104434
1804,262144,262144,53,0.000202178955078125,0.000301069571962298
1805,262144,262144,51,0.000194549560546875,2.4685333058105385e-05
1806,262144,262144,63,0.000240325927734375,0.0002754741456503229
1807,262144,262144,50,0.00019073486328125,2.7112510527116385e-05
